Source,Target,Type,Industry,search_word
prognoser,analyser økonomiske data,Undirected,Olje og gass,Business Analyst
prognoser,budsjettarbeid,Undirected,Olje og gass,Business Analyst
prognoser,controlling,Undirected,Olje og gass,Business Analyst
prognoser,rapportering,Undirected,Olje og gass,Business Analyst
prognoser,automatisering,Undirected,Olje og gass,Business Analyst
analyser økonomiske data,budsjettarbeid,Undirected,Olje og gass,Business Analyst
analyser økonomiske data,controlling,Undirected,Olje og gass,Business Analyst
analyser økonomiske data,rapportering,Undirected,Olje og gass,Business Analyst
analyser økonomiske data,automatisering,Undirected,Olje og gass,Business Analyst
budsjettarbeid,controlling,Undirected,Olje og gass,Business Analyst
budsjettarbeid,rapportering,Undirected,Olje og gass,Business Analyst
budsjettarbeid,automatisering,Undirected,Olje og gass,Business Analyst
controlling,rapportering,Undirected,Olje og gass,Business Analyst
controlling,automatisering,Undirected,Olje og gass,Business Analyst
rapportering,automatisering,Undirected,Olje og gass,Business Analyst
dataanalyseverktøy,prosessanalyse,Undirected,Bank,Business Analyst
dataanalyseverktøy,microsoft excel,Undirected,Bank,Business Analyst
dataanalyseverktøy,bygge datadashboard,Undirected,Bank,Business Analyst
dataanalyseverktøy,koordinere prosjekter og forbedringsaktiviteter for it - løsninger,Undirected,Bank,Business Analyst
prosessanalyse,microsoft excel,Undirected,Bank,Business Analyst
prosessanalyse,bygge datadashboard,Undirected,Bank,Business Analyst
prosessanalyse,koordinere prosjekter og forbedringsaktiviteter for it - løsninger,Undirected,Bank,Business Analyst
microsoft excel,bygge datadashboard,Undirected,Bank,Business Analyst
microsoft excel,koordinere prosjekter og forbedringsaktiviteter for it - løsninger,Undirected,Bank,Business Analyst
bygge datadashboard,koordinere prosjekter og forbedringsaktiviteter for it - løsninger,Undirected,Bank,Business Analyst
prognoser,power bi,Undirected,Olje og gass,Business Analyst
prognoser,microsoft office,Undirected,Olje og gass,Business Analyst
prognoser,sap s/4hana,Undirected,Olje og gass,Business Analyst
prognoser,finansanalyse,Undirected,Olje og gass,Business Analyst
budsjettarbeid,power bi,Undirected,Olje og gass,Business Analyst
budsjettarbeid,microsoft office,Undirected,Olje og gass,Business Analyst
budsjettarbeid,sap s/4hana,Undirected,Olje og gass,Business Analyst
budsjettarbeid,finansanalyse,Undirected,Olje og gass,Business Analyst
rapportering,power bi,Undirected,Olje og gass,Business Analyst
rapportering,microsoft office,Undirected,Olje og gass,Business Analyst
rapportering,sap s/4hana,Undirected,Olje og gass,Business Analyst
rapportering,finansanalyse,Undirected,Olje og gass,Business Analyst
power bi,microsoft office,Undirected,Olje og gass,Business Analyst
power bi,sap s/4hana,Undirected,Olje og gass,Business Analyst
power bi,finansanalyse,Undirected,Olje og gass,Business Analyst
microsoft office,sap s/4hana,Undirected,Olje og gass,Business Analyst
microsoft office,finansanalyse,Undirected,Olje og gass,Business Analyst
sap s/4hana,finansanalyse,Undirected,Olje og gass,Business Analyst
it infrastructure library (itil),python (dataprogrammering),Undirected,IT,Business Analyst
it infrastructure library (itil),databanksystemforståelse,Undirected,IT,Business Analyst
it infrastructure library (itil),prince 2 prosjektledelse metodikk,Undirected,IT,Business Analyst
it infrastructure library (itil),prosjektstyringsmetodikk,Undirected,IT,Business Analyst
it infrastructure library (itil),sql,Undirected,IT,Business Analyst
it infrastructure library (itil),agile scrum,Undirected,IT,Business Analyst
python (dataprogrammering),databanksystemforståelse,Undirected,IT,Business Analyst
python (dataprogrammering),prince 2 prosjektledelse metodikk,Undirected,IT,Business Analyst
python (dataprogrammering),prosjektstyringsmetodikk,Undirected,IT,Business Analyst
python (dataprogrammering),sql,Undirected,IT,Business Analyst
python (dataprogrammering),agile scrum,Undirected,IT,Business Analyst
databanksystemforståelse,prince 2 prosjektledelse metodikk,Undirected,IT,Business Analyst
databanksystemforståelse,prosjektstyringsmetodikk,Undirected,IT,Business Analyst
databanksystemforståelse,sql,Undirected,IT,Business Analyst
databanksystemforståelse,agile scrum,Undirected,IT,Business Analyst
prince 2 prosjektledelse metodikk,prosjektstyringsmetodikk,Undirected,IT,Business Analyst
prince 2 prosjektledelse metodikk,sql,Undirected,IT,Business Analyst
prince 2 prosjektledelse metodikk,agile scrum,Undirected,IT,Business Analyst
prosjektstyringsmetodikk,sql,Undirected,IT,Business Analyst
prosjektstyringsmetodikk,agile scrum,Undirected,IT,Business Analyst
sql,agile scrum,Undirected,IT,Business Analyst
microsoft excel,risikostyring,Undirected,Industri og produksjon,Business Analyst
microsoft excel,microsoft power point 2011,Undirected,Industri og produksjon,Business Analyst
microsoft excel,rapportering,Undirected,Industri og produksjon,Business Analyst
risikostyring,microsoft power point 2011,Undirected,Industri og produksjon,Business Analyst
risikostyring,rapportering,Undirected,Industri og produksjon,Business Analyst
microsoft power point 2011,rapportering,Undirected,Industri og produksjon,Business Analyst
prognoser,python (dataprogrammering),Undirected,Bank,Business Analyst
prognoser,sql,Undirected,Bank,Business Analyst
prognoser,statistisk modellering,Undirected,Bank,Business Analyst
prognoser,maskinlæring,Undirected,Bank,Business Analyst
prognoser,lage prediktive modeller,Undirected,Bank,Business Analyst
prognoser,analysere data,Undirected,Bank,Business Analyst
python (dataprogrammering),sql,Undirected,Bank,Business Analyst
python (dataprogrammering),statistisk modellering,Undirected,Bank,Business Analyst
python (dataprogrammering),maskinlæring,Undirected,Bank,Business Analyst
python (dataprogrammering),lage prediktive modeller,Undirected,Bank,Business Analyst
python (dataprogrammering),analysere data,Undirected,Bank,Business Analyst
sql,statistisk modellering,Undirected,Bank,Business Analyst
sql,maskinlæring,Undirected,Bank,Business Analyst
sql,lage prediktive modeller,Undirected,Bank,Business Analyst
sql,analysere data,Undirected,Bank,Business Analyst
statistisk modellering,maskinlæring,Undirected,Bank,Business Analyst
statistisk modellering,lage prediktive modeller,Undirected,Bank,Business Analyst
statistisk modellering,analysere data,Undirected,Bank,Business Analyst
maskinlæring,lage prediktive modeller,Undirected,Bank,Business Analyst
maskinlæring,analysere data,Undirected,Bank,Business Analyst
lage prediktive modeller,analysere data,Undirected,Bank,Business Analyst
mergers & acquisitions (m&a),teknikker for virksomhetsverdsetting,Undirected,Bank,Business Analyst
mergers & acquisitions (m&a),corporate finance,Undirected,Bank,Business Analyst
mergers & acquisitions (m&a),norsk,Undirected,Bank,Business Analyst
mergers & acquisitions (m&a),finansanalyse,Undirected,Bank,Business Analyst
mergers & acquisitions (m&a),modellering (økonomi),Undirected,Bank,Business Analyst
teknikker for virksomhetsverdsetting,corporate finance,Undirected,Bank,Business Analyst
teknikker for virksomhetsverdsetting,norsk,Undirected,Bank,Business Analyst
teknikker for virksomhetsverdsetting,finansanalyse,Undirected,Bank,Business Analyst
teknikker for virksomhetsverdsetting,modellering (økonomi),Undirected,Bank,Business Analyst
corporate finance,norsk,Undirected,Bank,Business Analyst
corporate finance,finansanalyse,Undirected,Bank,Business Analyst
corporate finance,modellering (økonomi),Undirected,Bank,Business Analyst
norsk,finansanalyse,Undirected,Bank,Business Analyst
norsk,modellering (økonomi),Undirected,Bank,Business Analyst
finansanalyse,modellering (økonomi),Undirected,Bank,Business Analyst
prognoser,erp-systemer,Undirected,Bank,Business Analyst
prognoser,controlling,Undirected,Bank,Business Analyst
prognoser,rapportering,Undirected,Bank,Business Analyst
prognoser,microsoft excel,Undirected,Bank,Business Analyst
prognoser,bokføring,Undirected,Bank,Business Analyst
prognoser,norsk,Undirected,Bank,Business Analyst
erp-systemer,controlling,Undirected,Bank,Business Analyst
erp-systemer,rapportering,Undirected,Bank,Business Analyst
erp-systemer,microsoft excel,Undirected,Bank,Business Analyst
erp-systemer,bokføring,Undirected,Bank,Business Analyst
erp-systemer,norsk,Undirected,Bank,Business Analyst
erp-systemer,analysere data,Undirected,Bank,Business Analyst
controlling,rapportering,Undirected,Bank,Business Analyst
controlling,microsoft excel,Undirected,Bank,Business Analyst
controlling,bokføring,Undirected,Bank,Business Analyst
controlling,norsk,Undirected,Bank,Business Analyst
controlling,analysere data,Undirected,Bank,Business Analyst
rapportering,microsoft excel,Undirected,Bank,Business Analyst
rapportering,bokføring,Undirected,Bank,Business Analyst
rapportering,norsk,Undirected,Bank,Business Analyst
rapportering,analysere data,Undirected,Bank,Business Analyst
microsoft excel,bokføring,Undirected,Bank,Business Analyst
microsoft excel,norsk,Undirected,Bank,Business Analyst
microsoft excel,analysere data,Undirected,Bank,Business Analyst
bokføring,norsk,Undirected,Bank,Business Analyst
bokføring,analysere data,Undirected,Bank,Business Analyst
norsk,analysere data,Undirected,Bank,Business Analyst
markedsanalyse,håndtere fusjoner og oppkjøp,Undirected,Konsulent og rådgivning,Business Analyst
markedsanalyse,due diligence,Undirected,Konsulent og rådgivning,Business Analyst
markedsanalyse,forretningsstrategiplaner,Undirected,Konsulent og rådgivning,Business Analyst
markedsanalyse,prosjekteringsledelse,Undirected,Konsulent og rådgivning,Business Analyst
håndtere fusjoner og oppkjøp,due diligence,Undirected,Konsulent og rådgivning,Business Analyst
håndtere fusjoner og oppkjøp,forretningsstrategiplaner,Undirected,Konsulent og rådgivning,Business Analyst
håndtere fusjoner og oppkjøp,prosjekteringsledelse,Undirected,Konsulent og rådgivning,Business Analyst
due diligence,forretningsstrategiplaner,Undirected,Konsulent og rådgivning,Business Analyst
due diligence,prosjekteringsledelse,Undirected,Konsulent og rådgivning,Business Analyst
forretningsstrategiplaner,prosjekteringsledelse,Undirected,Konsulent og rådgivning,Business Analyst
behov og kravsanalyse,prosjekteringsledelse,Undirected,Bank,Business Analyst
behov og kravsanalyse,planlegge software-testing,Undirected,Bank,Business Analyst
prosjekteringsledelse,planlegge software-testing,Undirected,Bank,Business Analyst
amazon web services (aws),konsekvensanalyse,Undirected,Bank,Business Analyst
amazon web services (aws),sql,Undirected,Bank,Business Analyst
amazon web services (aws),business-analyse,Undirected,Bank,Business Analyst
konsekvensanalyse,sql,Undirected,Bank,Business Analyst
konsekvensanalyse,business-analyse,Undirected,Bank,Business Analyst
sql,business-analyse,Undirected,Bank,Business Analyst
gode norsk- og engelskkunnskaper,standardisere prosesser,Undirected,Drift og vedlikeholdstjenester,Business Analyst
gode norsk- og engelskkunnskaper,rapportering,Undirected,Drift og vedlikeholdstjenester,Business Analyst
gode norsk- og engelskkunnskaper,microsoft excel,Undirected,Drift og vedlikeholdstjenester,Business Analyst
gode norsk- og engelskkunnskaper,behandle data,Undirected,Drift og vedlikeholdstjenester,Business Analyst
gode norsk- og engelskkunnskaper,power bi,Undirected,Drift og vedlikeholdstjenester,Business Analyst
gode norsk- og engelskkunnskaper,kvalitetssikring av data,Undirected,Drift og vedlikeholdstjenester,Business Analyst
gode norsk- og engelskkunnskaper,analysere data,Undirected,Drift og vedlikeholdstjenester,Business Analyst
standardisere prosesser,rapportering,Undirected,Drift og vedlikeholdstjenester,Business Analyst
standardisere prosesser,microsoft excel,Undirected,Drift og vedlikeholdstjenester,Business Analyst
standardisere prosesser,behandle data,Undirected,Drift og vedlikeholdstjenester,Business Analyst
standardisere prosesser,power bi,Undirected,Drift og vedlikeholdstjenester,Business Analyst
standardisere prosesser,kvalitetssikring av data,Undirected,Drift og vedlikeholdstjenester,Business Analyst
standardisere prosesser,analysere data,Undirected,Drift og vedlikeholdstjenester,Business Analyst
rapportering,microsoft excel,Undirected,Drift og vedlikeholdstjenester,Business Analyst
rapportering,behandle data,Undirected,Drift og vedlikeholdstjenester,Business Analyst
rapportering,power bi,Undirected,Drift og vedlikeholdstjenester,Business Analyst
rapportering,kvalitetssikring av data,Undirected,Drift og vedlikeholdstjenester,Business Analyst
rapportering,analysere data,Undirected,Drift og vedlikeholdstjenester,Business Analyst
microsoft excel,behandle data,Undirected,Drift og vedlikeholdstjenester,Business Analyst
microsoft excel,power bi,Undirected,Drift og vedlikeholdstjenester,Business Analyst
microsoft excel,kvalitetssikring av data,Undirected,Drift og vedlikeholdstjenester,Business Analyst
microsoft excel,analysere data,Undirected,Drift og vedlikeholdstjenester,Business Analyst
behandle data,power bi,Undirected,Drift og vedlikeholdstjenester,Business Analyst
behandle data,kvalitetssikring av data,Undirected,Drift og vedlikeholdstjenester,Business Analyst
behandle data,analysere data,Undirected,Drift og vedlikeholdstjenester,Business Analyst
power bi,kvalitetssikring av data,Undirected,Drift og vedlikeholdstjenester,Business Analyst
power bi,analysere data,Undirected,Drift og vedlikeholdstjenester,Business Analyst
kvalitetssikring av data,analysere data,Undirected,Drift og vedlikeholdstjenester,Business Analyst
mergers & acquisitions (m&a),budsjettarbeid,Undirected,Bank,Business Analyst
mergers & acquisitions (m&a),analyser av nøkkeltall,Undirected,Bank,Business Analyst
mergers & acquisitions (m&a),finansiell rapportering,Undirected,Bank,Business Analyst
mergers & acquisitions (m&a),finansiell planlegging og analyse,Undirected,Bank,Business Analyst
mergers & acquisitions (m&a),treasury/risk management (fi-fscm-trm),Undirected,Bank,Business Analyst
mergers & acquisitions (m&a),likviditetsstyring,Undirected,Bank,Business Analyst
budsjettarbeid,analyser av nøkkeltall,Undirected,Bank,Business Analyst
budsjettarbeid,finansiell rapportering,Undirected,Bank,Business Analyst
budsjettarbeid,finansiell planlegging og analyse,Undirected,Bank,Business Analyst
budsjettarbeid,treasury/risk management (fi-fscm-trm),Undirected,Bank,Business Analyst
budsjettarbeid,likviditetsstyring,Undirected,Bank,Business Analyst
analyser av nøkkeltall,finansiell rapportering,Undirected,Bank,Business Analyst
analyser av nøkkeltall,finansiell planlegging og analyse,Undirected,Bank,Business Analyst
analyser av nøkkeltall,treasury/risk management (fi-fscm-trm),Undirected,Bank,Business Analyst
analyser av nøkkeltall,likviditetsstyring,Undirected,Bank,Business Analyst
finansiell rapportering,finansiell planlegging og analyse,Undirected,Bank,Business Analyst
finansiell rapportering,treasury/risk management (fi-fscm-trm),Undirected,Bank,Business Analyst
finansiell rapportering,likviditetsstyring,Undirected,Bank,Business Analyst
finansiell planlegging og analyse,treasury/risk management (fi-fscm-trm),Undirected,Bank,Business Analyst
finansiell planlegging og analyse,likviditetsstyring,Undirected,Bank,Business Analyst
treasury/risk management (fi-fscm-trm),likviditetsstyring,Undirected,Bank,Business Analyst
administrere data,data modeling,Undirected,Butikk og varehandel,Business Analyst
administrere data,microsoft excel,Undirected,Butikk og varehandel,Business Analyst
administrere data,bygge datadashboard,Undirected,Butikk og varehandel,Business Analyst
administrere data,sql,Undirected,Butikk og varehandel,Business Analyst
administrere data,data warehouse,Undirected,Butikk og varehandel,Business Analyst
administrere data,analyse av forretningsdata,Undirected,Butikk og varehandel,Business Analyst
administrere data,analysere data,Undirected,Butikk og varehandel,Business Analyst
data modeling,microsoft excel,Undirected,Butikk og varehandel,Business Analyst
data modeling,bygge datadashboard,Undirected,Butikk og varehandel,Business Analyst
data modeling,sql,Undirected,Butikk og varehandel,Business Analyst
data modeling,data warehouse,Undirected,Butikk og varehandel,Business Analyst
data modeling,analyse av forretningsdata,Undirected,Butikk og varehandel,Business Analyst
data modeling,analysere data,Undirected,Butikk og varehandel,Business Analyst
microsoft excel,bygge datadashboard,Undirected,Butikk og varehandel,Business Analyst
microsoft excel,sql,Undirected,Butikk og varehandel,Business Analyst
microsoft excel,data warehouse,Undirected,Butikk og varehandel,Business Analyst
microsoft excel,analyse av forretningsdata,Undirected,Butikk og varehandel,Business Analyst
microsoft excel,analysere data,Undirected,Butikk og varehandel,Business Analyst
bygge datadashboard,sql,Undirected,Butikk og varehandel,Business Analyst
bygge datadashboard,data warehouse,Undirected,Butikk og varehandel,Business Analyst
bygge datadashboard,analyse av forretningsdata,Undirected,Butikk og varehandel,Business Analyst
bygge datadashboard,analysere data,Undirected,Butikk og varehandel,Business Analyst
sql,data warehouse,Undirected,Butikk og varehandel,Business Analyst
sql,analyse av forretningsdata,Undirected,Butikk og varehandel,Business Analyst
sql,analysere data,Undirected,Butikk og varehandel,Business Analyst
data warehouse,analyse av forretningsdata,Undirected,Butikk og varehandel,Business Analyst
data warehouse,analysere data,Undirected,Butikk og varehandel,Business Analyst
analyse av forretningsdata,analysere data,Undirected,Butikk og varehandel,Business Analyst
kunnskap om teknologi,kontinuerlig forbedringsprosess (cip),Undirected,Bank,Business Analyst
kunnskap om teknologi,kontinuerlig forbedringsarbeid,Undirected,Bank,Business Analyst
kunnskap om teknologi,teknologiledelse,Undirected,Bank,Business Analyst
kontinuerlig forbedringsprosess (cip),kontinuerlig forbedringsarbeid,Undirected,Bank,Business Analyst
kontinuerlig forbedringsprosess (cip),teknologiledelse,Undirected,Bank,Business Analyst
kontinuerlig forbedringsarbeid,teknologiledelse,Undirected,Bank,Business Analyst
programmeringsspråk,software engineering,Undirected,Forskning,Data Analyst
programmeringsspråk,informatikk,Undirected,Forskning,Data Analyst
software engineering,informatikk,Undirected,Forskning,Data Analyst
linux,utvikle brukergrensesnitt,Undirected,Fiskeri og oppdrett,Data Analyst
linux,git (versioning file system),Undirected,Fiskeri og oppdrett,Data Analyst
linux,python (dataprogrammering),Undirected,Fiskeri og oppdrett,Data Analyst
utvikle brukergrensesnitt,git (versioning file system),Undirected,Fiskeri og oppdrett,Data Analyst
utvikle brukergrensesnitt,python (dataprogrammering),Undirected,Fiskeri og oppdrett,Data Analyst
git (versioning file system),python (dataprogrammering),Undirected,Fiskeri og oppdrett,Data Analyst
administrere data,datavitenskap,Undirected,IT,Data Analyst
administrere data,data modeling,Undirected,IT,Data Analyst
administrere data,utvikle digitale plattformer og tjenester,Undirected,IT,Data Analyst
administrere data,organisere data,Undirected,IT,Data Analyst
administrere data,informasjonssikkerhet,Undirected,IT,Data Analyst
administrere data,analyse av forretningsdata,Undirected,IT,Data Analyst
administrere data,informatikk,Undirected,IT,Data Analyst
datavitenskap,data modeling,Undirected,IT,Data Analyst
datavitenskap,utvikle digitale plattformer og tjenester,Undirected,IT,Data Analyst
datavitenskap,organisere data,Undirected,IT,Data Analyst
datavitenskap,informasjonssikkerhet,Undirected,IT,Data Analyst
datavitenskap,analyse av forretningsdata,Undirected,IT,Data Analyst
datavitenskap,informatikk,Undirected,IT,Data Analyst
data modeling,utvikle digitale plattformer og tjenester,Undirected,IT,Data Analyst
data modeling,organisere data,Undirected,IT,Data Analyst
data modeling,informasjonssikkerhet,Undirected,IT,Data Analyst
data modeling,analyse av forretningsdata,Undirected,IT,Data Analyst
data modeling,informatikk,Undirected,IT,Data Analyst
utvikle digitale plattformer og tjenester,organisere data,Undirected,IT,Data Analyst
utvikle digitale plattformer og tjenester,informasjonssikkerhet,Undirected,IT,Data Analyst
utvikle digitale plattformer og tjenester,analyse av forretningsdata,Undirected,IT,Data Analyst
utvikle digitale plattformer og tjenester,informatikk,Undirected,IT,Data Analyst
organisere data,informasjonssikkerhet,Undirected,IT,Data Analyst
organisere data,analyse av forretningsdata,Undirected,IT,Data Analyst
organisere data,informatikk,Undirected,IT,Data Analyst
informasjonssikkerhet,analyse av forretningsdata,Undirected,IT,Data Analyst
informasjonssikkerhet,informatikk,Undirected,IT,Data Analyst
analyse av forretningsdata,informatikk,Undirected,IT,Data Analyst
software engineering,moderne software-utvikling,Undirected,Forskning,Data Analyst
programmeringsspråk,moderne software-utvikling,Undirected,Forskning,Data Analyst
dataanalyseverktøy,trusseletterretning,Undirected,IT,Data Analyst
dataanalyseverktøy,cti,Undirected,IT,Data Analyst
dataanalyseverktøy,hendelsehåndtering,Undirected,IT,Data Analyst
dataanalyseverktøy,security incident and event managpement (siem),Undirected,IT,Data Analyst
dataanalyseverktøy,analyse,Undirected,IT,Data Analyst
dataanalyseverktøy,etterforskning av elektroniske spor,Undirected,IT,Data Analyst
dataanalyseverktøy,etterretning,Undirected,IT,Data Analyst
trusseletterretning,cti,Undirected,IT,Data Analyst
trusseletterretning,hendelsehåndtering,Undirected,IT,Data Analyst
trusseletterretning,security incident and event managpement (siem),Undirected,IT,Data Analyst
trusseletterretning,analyse,Undirected,IT,Data Analyst
trusseletterretning,etterforskning av elektroniske spor,Undirected,IT,Data Analyst
trusseletterretning,etterretning,Undirected,IT,Data Analyst
cti,hendelsehåndtering,Undirected,IT,Data Analyst
cti,security incident and event managpement (siem),Undirected,IT,Data Analyst
cti,analyse,Undirected,IT,Data Analyst
cti,etterforskning av elektroniske spor,Undirected,IT,Data Analyst
cti,etterretning,Undirected,IT,Data Analyst
hendelsehåndtering,security incident and event managpement (siem),Undirected,IT,Data Analyst
hendelsehåndtering,analyse,Undirected,IT,Data Analyst
hendelsehåndtering,etterforskning av elektroniske spor,Undirected,IT,Data Analyst
hendelsehåndtering,etterretning,Undirected,IT,Data Analyst
security incident and event managpement (siem),analyse,Undirected,IT,Data Analyst
security incident and event managpement (siem),etterforskning av elektroniske spor,Undirected,IT,Data Analyst
security incident and event managpement (siem),etterretning,Undirected,IT,Data Analyst
analyse,etterforskning av elektroniske spor,Undirected,IT,Data Analyst
analyse,etterretning,Undirected,IT,Data Analyst
etterforskning av elektroniske spor,etterretning,Undirected,IT,Data Analyst
datastyring,python (dataprogrammering),Undirected,Konsulent og rådgivning,Data Analyst
datastyring,snowflake,Undirected,Konsulent og rådgivning,Data Analyst
datastyring,airflow,Undirected,Konsulent og rådgivning,Data Analyst
datastyring,sql,Undirected,Konsulent og rådgivning,Data Analyst
datastyring,data warehouse,Undirected,Konsulent og rådgivning,Data Analyst
datastyring,scala,Undirected,Konsulent og rådgivning,Data Analyst
python (dataprogrammering),snowflake,Undirected,Konsulent og rådgivning,Data Analyst
python (dataprogrammering),airflow,Undirected,Konsulent og rådgivning,Data Analyst
python (dataprogrammering),sql,Undirected,Konsulent og rådgivning,Data Analyst
python (dataprogrammering),data warehouse,Undirected,Konsulent og rådgivning,Data Analyst
python (dataprogrammering),scala,Undirected,Konsulent og rådgivning,Data Analyst
snowflake,airflow,Undirected,Konsulent og rådgivning,Data Analyst
snowflake,sql,Undirected,Konsulent og rådgivning,Data Analyst
snowflake,data warehouse,Undirected,Konsulent og rådgivning,Data Analyst
snowflake,scala,Undirected,Konsulent og rådgivning,Data Analyst
airflow,sql,Undirected,Konsulent og rådgivning,Data Analyst
airflow,data warehouse,Undirected,Konsulent og rådgivning,Data Analyst
airflow,scala,Undirected,Konsulent og rådgivning,Data Analyst
sql,data warehouse,Undirected,Konsulent og rådgivning,Data Analyst
sql,scala,Undirected,Konsulent og rådgivning,Data Analyst
data warehouse,scala,Undirected,Konsulent og rådgivning,Data Analyst
gransking,dataanalyseverktøy,Undirected,Bank,Data Analyst
gransking,etterforsking,Undirected,Bank,Data Analyst
gransking,python (dataprogrammering),Undirected,Bank,Data Analyst
gransking,frikildeetterretning,Undirected,Bank,Data Analyst
gransking,samle opplysninger fra fysiske eller elektroniske kilder,Undirected,Bank,Data Analyst
gransking,risikovurdering,Undirected,Bank,Data Analyst
gransking,analyse av stordata,Undirected,Bank,Data Analyst
dataanalyseverktøy,etterforsking,Undirected,Bank,Data Analyst
dataanalyseverktøy,python (dataprogrammering),Undirected,Bank,Data Analyst
dataanalyseverktøy,frikildeetterretning,Undirected,Bank,Data Analyst
dataanalyseverktøy,samle opplysninger fra fysiske eller elektroniske kilder,Undirected,Bank,Data Analyst
dataanalyseverktøy,risikovurdering,Undirected,Bank,Data Analyst
dataanalyseverktøy,analyse av stordata,Undirected,Bank,Data Analyst
etterforsking,python (dataprogrammering),Undirected,Bank,Data Analyst
etterforsking,frikildeetterretning,Undirected,Bank,Data Analyst
etterforsking,samle opplysninger fra fysiske eller elektroniske kilder,Undirected,Bank,Data Analyst
etterforsking,risikovurdering,Undirected,Bank,Data Analyst
etterforsking,analyse av stordata,Undirected,Bank,Data Analyst
python (dataprogrammering),frikildeetterretning,Undirected,Bank,Data Analyst
python (dataprogrammering),samle opplysninger fra fysiske eller elektroniske kilder,Undirected,Bank,Data Analyst
python (dataprogrammering),risikovurdering,Undirected,Bank,Data Analyst
python (dataprogrammering),analyse av stordata,Undirected,Bank,Data Analyst
frikildeetterretning,samle opplysninger fra fysiske eller elektroniske kilder,Undirected,Bank,Data Analyst
frikildeetterretning,risikovurdering,Undirected,Bank,Data Analyst
frikildeetterretning,analyse av stordata,Undirected,Bank,Data Analyst
samle opplysninger fra fysiske eller elektroniske kilder,risikovurdering,Undirected,Bank,Data Analyst
samle opplysninger fra fysiske eller elektroniske kilder,analyse av stordata,Undirected,Bank,Data Analyst
risikovurdering,analyse av stordata,Undirected,Bank,Data Analyst
datavitenskap,kjemi,Undirected,Offentlig administrasjon,Data Analyst
datavitenskap,datainnsamling og analyse,Undirected,Offentlig administrasjon,Data Analyst
datavitenskap,internet of things,Undirected,Offentlig administrasjon,Data Analyst
datavitenskap,analysere data,Undirected,Offentlig administrasjon,Data Analyst
kjemi,datainnsamling og analyse,Undirected,Offentlig administrasjon,Data Analyst
kjemi,internet of things,Undirected,Offentlig administrasjon,Data Analyst
kjemi,analysere data,Undirected,Offentlig administrasjon,Data Analyst
datainnsamling og analyse,internet of things,Undirected,Offentlig administrasjon,Data Analyst
datainnsamling og analyse,analysere data,Undirected,Offentlig administrasjon,Data Analyst
internet of things,analysere data,Undirected,Offentlig administrasjon,Data Analyst
statistikk,python (dataprogrammering),Undirected,IT,Data Analyst
statistikk,azure ad,Undirected,IT,Data Analyst
statistikk,sql,Undirected,IT,Data Analyst
statistikk,analyse av forretningsdata,Undirected,IT,Data Analyst
statistikk,analysere data,Undirected,IT,Data Analyst
statistikk,dataarkitektur,Undirected,IT,Data Analyst
statistikk,maskinlæring,Undirected,IT,Data Analyst
python (dataprogrammering),azure ad,Undirected,IT,Data Analyst
python (dataprogrammering),analyse av forretningsdata,Undirected,IT,Data Analyst
python (dataprogrammering),analysere data,Undirected,IT,Data Analyst
python (dataprogrammering),dataarkitektur,Undirected,IT,Data Analyst
python (dataprogrammering),maskinlæring,Undirected,IT,Data Analyst
azure ad,sql,Undirected,IT,Data Analyst
azure ad,analyse av forretningsdata,Undirected,IT,Data Analyst
azure ad,analysere data,Undirected,IT,Data Analyst
azure ad,dataarkitektur,Undirected,IT,Data Analyst
azure ad,maskinlæring,Undirected,IT,Data Analyst
sql,analyse av forretningsdata,Undirected,IT,Data Analyst
sql,analysere data,Undirected,IT,Data Analyst
sql,dataarkitektur,Undirected,IT,Data Analyst
sql,maskinlæring,Undirected,IT,Data Analyst
analyse av forretningsdata,analysere data,Undirected,IT,Data Analyst
analyse av forretningsdata,dataarkitektur,Undirected,IT,Data Analyst
analyse av forretningsdata,maskinlæring,Undirected,IT,Data Analyst
analysere data,dataarkitektur,Undirected,IT,Data Analyst
analysere data,maskinlæring,Undirected,IT,Data Analyst
dataarkitektur,maskinlæring,Undirected,IT,Data Analyst
datavitenskap,ci/cd (continuous integration and continuous delivery),Undirected,Internettbaserte tjenester,Data Analyst
datavitenskap,maskinlæring,Undirected,Internettbaserte tjenester,Data Analyst
datavitenskap,development of data pipelines,Undirected,Internettbaserte tjenester,Data Analyst
datavitenskap,bygge recommender- systemer,Undirected,Internettbaserte tjenester,Data Analyst
ci/cd (continuous integration and continuous delivery),maskinlæring,Undirected,Internettbaserte tjenester,Data Analyst
ci/cd (continuous integration and continuous delivery),development of data pipelines,Undirected,Internettbaserte tjenester,Data Analyst
ci/cd (continuous integration and continuous delivery),bygge recommender- systemer,Undirected,Internettbaserte tjenester,Data Analyst
maskinlæring,development of data pipelines,Undirected,Internettbaserte tjenester,Data Analyst
maskinlæring,bygge recommender- systemer,Undirected,Internettbaserte tjenester,Data Analyst
maskinlæring,maskinlæring,Undirected,Internettbaserte tjenester,Data Analyst
development of data pipelines,bygge recommender- systemer,Undirected,Internettbaserte tjenester,Data Analyst
erp-systemer,plukking og pakking,Undirected,Olje og gass,Data Analyst
erp-systemer,varemottak,Undirected,Olje og gass,Data Analyst
erp-systemer,prosessutvikling (forretningsprosesser),Undirected,Olje og gass,Data Analyst
erp-systemer,organisere lager,Undirected,Olje og gass,Data Analyst
erp-systemer,organisere delelager,Undirected,Olje og gass,Data Analyst
erp-systemer,utføre laste- og losseoperasjoner,Undirected,Olje og gass,Data Analyst
erp-systemer,logistikk,Undirected,Olje og gass,Data Analyst
plukking og pakking,varemottak,Undirected,Olje og gass,Data Analyst
plukking og pakking,prosessutvikling (forretningsprosesser),Undirected,Olje og gass,Data Analyst
plukking og pakking,organisere lager,Undirected,Olje og gass,Data Analyst
plukking og pakking,organisere delelager,Undirected,Olje og gass,Data Analyst
plukking og pakking,utføre laste- og losseoperasjoner,Undirected,Olje og gass,Data Analyst
plukking og pakking,logistikk,Undirected,Olje og gass,Data Analyst
varemottak,prosessutvikling (forretningsprosesser),Undirected,Olje og gass,Data Analyst
varemottak,organisere lager,Undirected,Olje og gass,Data Analyst
varemottak,organisere delelager,Undirected,Olje og gass,Data Analyst
varemottak,utføre laste- og losseoperasjoner,Undirected,Olje og gass,Data Analyst
varemottak,logistikk,Undirected,Olje og gass,Data Analyst
prosessutvikling (forretningsprosesser),organisere lager,Undirected,Olje og gass,Data Analyst
prosessutvikling (forretningsprosesser),organisere delelager,Undirected,Olje og gass,Data Analyst
prosessutvikling (forretningsprosesser),utføre laste- og losseoperasjoner,Undirected,Olje og gass,Data Analyst
prosessutvikling (forretningsprosesser),logistikk,Undirected,Olje og gass,Data Analyst
organisere lager,organisere delelager,Undirected,Olje og gass,Data Analyst
organisere lager,utføre laste- og losseoperasjoner,Undirected,Olje og gass,Data Analyst
organisere lager,logistikk,Undirected,Olje og gass,Data Analyst
organisere delelager,utføre laste- og losseoperasjoner,Undirected,Olje og gass,Data Analyst
organisere delelager,logistikk,Undirected,Olje og gass,Data Analyst
utføre laste- og losseoperasjoner,logistikk,Undirected,Olje og gass,Data Analyst
service-level-agreement (sla) management,microsoft excel,Undirected,Bil,Data Analyst
service-level-agreement (sla) management,kvalitetssikring,Undirected,Bil,Data Analyst
service-level-agreement (sla) management,kvalitetssikring av data,Undirected,Bil,Data Analyst
service-level-agreement (sla) management,behersker root cause analysis,Undirected,Bil,Data Analyst
service-level-agreement (sla) management,kontinuerlig forbedringsarbeid,Undirected,Bil,Data Analyst
microsoft excel,kvalitetssikring,Undirected,Bil,Data Analyst
microsoft excel,kvalitetssikring av data,Undirected,Bil,Data Analyst
microsoft excel,behersker root cause analysis,Undirected,Bil,Data Analyst
microsoft excel,kontinuerlig forbedringsarbeid,Undirected,Bil,Data Analyst
kvalitetssikring,kvalitetssikring av data,Undirected,Bil,Data Analyst
kvalitetssikring,behersker root cause analysis,Undirected,Bil,Data Analyst
kvalitetssikring,kontinuerlig forbedringsarbeid,Undirected,Bil,Data Analyst
kvalitetssikring av data,behersker root cause analysis,Undirected,Bil,Data Analyst
kvalitetssikring av data,kontinuerlig forbedringsarbeid,Undirected,Bil,Data Analyst
behersker root cause analysis,kontinuerlig forbedringsarbeid,Undirected,Bil,Data Analyst
tensorflow,python (dataprogrammering),Undirected,Reise og turisme,Data Analyst
tensorflow,maskinlæring,Undirected,Reise og turisme,Data Analyst
tensorflow,sql,Undirected,Reise og turisme,Data Analyst
tensorflow,pytorch,Undirected,Reise og turisme,Data Analyst
tensorflow,scikit-learn,Undirected,Reise og turisme,Data Analyst
tensorflow,prediktiv analyse,Undirected,Reise og turisme,Data Analyst
python (dataprogrammering),maskinlæring,Undirected,Reise og turisme,Data Analyst
python (dataprogrammering),sql,Undirected,Reise og turisme,Data Analyst
python (dataprogrammering),pytorch,Undirected,Reise og turisme,Data Analyst
python (dataprogrammering),scikit-learn,Undirected,Reise og turisme,Data Analyst
python (dataprogrammering),prediktiv analyse,Undirected,Reise og turisme,Data Analyst
maskinlæring,sql,Undirected,Reise og turisme,Data Analyst
maskinlæring,pytorch,Undirected,Reise og turisme,Data Analyst
maskinlæring,scikit-learn,Undirected,Reise og turisme,Data Analyst
maskinlæring,prediktiv analyse,Undirected,Reise og turisme,Data Analyst
maskinlæring,maskinlæring,Undirected,Reise og turisme,Data Analyst
sql,pytorch,Undirected,Reise og turisme,Data Analyst
sql,scikit-learn,Undirected,Reise og turisme,Data Analyst
sql,prediktiv analyse,Undirected,Reise og turisme,Data Analyst
pytorch,scikit-learn,Undirected,Reise og turisme,Data Analyst
pytorch,prediktiv analyse,Undirected,Reise og turisme,Data Analyst
scikit-learn,prediktiv analyse,Undirected,Reise og turisme,Data Analyst
drifte vedlikeholdssystemer,sikkerhetsklarering,Undirected,Elektronikk,Data Analyst
drifte vedlikeholdssystemer,ingeniørkunst,Undirected,Elektronikk,Data Analyst
drifte vedlikeholdssystemer,flyteknikk,Undirected,Elektronikk,Data Analyst
drifte vedlikeholdssystemer,analysere data,Undirected,Elektronikk,Data Analyst
sikkerhetsklarering,ingeniørkunst,Undirected,Elektronikk,Data Analyst
sikkerhetsklarering,flyteknikk,Undirected,Elektronikk,Data Analyst
sikkerhetsklarering,analysere data,Undirected,Elektronikk,Data Analyst
ingeniørkunst,flyteknikk,Undirected,Elektronikk,Data Analyst
ingeniørkunst,analysere data,Undirected,Elektronikk,Data Analyst
flyteknikk,analysere data,Undirected,Elektronikk,Data Analyst
datavitenskap,python (dataprogrammering),Undirected,IT,Data Analyst
datavitenskap,sql,Undirected,IT,Data Analyst
datavitenskap,analysere data,Undirected,IT,Data Analyst
datavitenskap,maskinlæring,Undirected,IT,Data Analyst
data modeling,pyspark,Undirected,IT,Data Analyst
data modeling,ci/cd (continuous integration and continuous delivery),Undirected,IT,Data Analyst
data modeling,python (dataprogrammering),Undirected,IT,Data Analyst
data modeling,azure ad,Undirected,IT,Data Analyst
data modeling,power bi,Undirected,IT,Data Analyst
data modeling,sql,Undirected,IT,Data Analyst
data modeling,dataarkitektur,Undirected,IT,Data Analyst
pyspark,ci/cd (continuous integration and continuous delivery),Undirected,IT,Data Analyst
pyspark,python (dataprogrammering),Undirected,IT,Data Analyst
pyspark,azure ad,Undirected,IT,Data Analyst
pyspark,power bi,Undirected,IT,Data Analyst
pyspark,sql,Undirected,IT,Data Analyst
pyspark,dataarkitektur,Undirected,IT,Data Analyst
ci/cd (continuous integration and continuous delivery),python (dataprogrammering),Undirected,IT,Data Analyst
ci/cd (continuous integration and continuous delivery),azure ad,Undirected,IT,Data Analyst
ci/cd (continuous integration and continuous delivery),power bi,Undirected,IT,Data Analyst
ci/cd (continuous integration and continuous delivery),sql,Undirected,IT,Data Analyst
ci/cd (continuous integration and continuous delivery),dataarkitektur,Undirected,IT,Data Analyst
python (dataprogrammering),power bi,Undirected,IT,Data Analyst
azure ad,power bi,Undirected,IT,Data Analyst
power bi,sql,Undirected,IT,Data Analyst
power bi,dataarkitektur,Undirected,IT,Data Analyst
programvare som tjeneste,kunnskap om produktledelse,Undirected,Fiskeri og oppdrett,Data Analyst
programvare som tjeneste,prosjekteringsledelse,Undirected,Fiskeri og oppdrett,Data Analyst
programvare som tjeneste,akvakultur,Undirected,Fiskeri og oppdrett,Data Analyst
kunnskap om produktledelse,prosjekteringsledelse,Undirected,Fiskeri og oppdrett,Data Analyst
kunnskap om produktledelse,akvakultur,Undirected,Fiskeri og oppdrett,Data Analyst
prosjekteringsledelse,akvakultur,Undirected,Fiskeri og oppdrett,Data Analyst
programmeringsspråk,statistikk,Undirected,Offentlig administrasjon,Data Analyst
programmeringsspråk,analysere data,Undirected,Offentlig administrasjon,Data Analyst
programmeringsspråk,kvalitetssikring av data,Undirected,Offentlig administrasjon,Data Analyst
statistikk,analysere data,Undirected,Offentlig administrasjon,Data Analyst
statistikk,kvalitetssikring av data,Undirected,Offentlig administrasjon,Data Analyst
analysere data,kvalitetssikring av data,Undirected,Offentlig administrasjon,Data Analyst
python (dataprogrammering),sql,Undirected,IT - programvare,Data Analyst
python (dataprogrammering),lage prediktive modeller,Undirected,IT - programvare,Data Analyst
python (dataprogrammering),apache spark,Undirected,IT - programvare,Data Analyst
python (dataprogrammering),a/b-testing (konverteringsoptimalisering),Undirected,IT - programvare,Data Analyst
python (dataprogrammering),analysere data,Undirected,IT - programvare,Data Analyst
sql,lage prediktive modeller,Undirected,IT - programvare,Data Analyst
sql,apache spark,Undirected,IT - programvare,Data Analyst
sql,a/b-testing (konverteringsoptimalisering),Undirected,IT - programvare,Data Analyst
sql,analysere data,Undirected,IT - programvare,Data Analyst
lage prediktive modeller,apache spark,Undirected,IT - programvare,Data Analyst
lage prediktive modeller,a/b-testing (konverteringsoptimalisering),Undirected,IT - programvare,Data Analyst
lage prediktive modeller,analysere data,Undirected,IT - programvare,Data Analyst
apache spark,a/b-testing (konverteringsoptimalisering),Undirected,IT - programvare,Data Analyst
apache spark,analysere data,Undirected,IT - programvare,Data Analyst
a/b-testing (konverteringsoptimalisering),analysere data,Undirected,IT - programvare,Data Analyst
datavitenskap,python (dataprogrammering),Undirected,Medisinsk utstyr og rekvisita,Data Analyst
datavitenskap,azure ad,Undirected,Medisinsk utstyr og rekvisita,Data Analyst
datavitenskap,maskinlæring,Undirected,Medisinsk utstyr og rekvisita,Data Analyst
datavitenskap,ingeniørarbeid,Undirected,Medisinsk utstyr og rekvisita,Data Analyst
datavitenskap,kunstig intelligens,Undirected,Medisinsk utstyr og rekvisita,Data Analyst
datavitenskap,informatikk,Undirected,Medisinsk utstyr og rekvisita,Data Analyst
python (dataprogrammering),azure ad,Undirected,Medisinsk utstyr og rekvisita,Data Analyst
python (dataprogrammering),maskinlæring,Undirected,Medisinsk utstyr og rekvisita,Data Analyst
python (dataprogrammering),ingeniørarbeid,Undirected,Medisinsk utstyr og rekvisita,Data Analyst
python (dataprogrammering),kunstig intelligens,Undirected,Medisinsk utstyr og rekvisita,Data Analyst
python (dataprogrammering),informatikk,Undirected,Medisinsk utstyr og rekvisita,Data Analyst
azure ad,maskinlæring,Undirected,Medisinsk utstyr og rekvisita,Data Analyst
azure ad,ingeniørarbeid,Undirected,Medisinsk utstyr og rekvisita,Data Analyst
azure ad,kunstig intelligens,Undirected,Medisinsk utstyr og rekvisita,Data Analyst
azure ad,informatikk,Undirected,Medisinsk utstyr og rekvisita,Data Analyst
maskinlæring,ingeniørarbeid,Undirected,Medisinsk utstyr og rekvisita,Data Analyst
maskinlæring,kunstig intelligens,Undirected,Medisinsk utstyr og rekvisita,Data Analyst
maskinlæring,informatikk,Undirected,Medisinsk utstyr og rekvisita,Data Analyst
maskinlæring,maskinlæring,Undirected,Medisinsk utstyr og rekvisita,Data Analyst
ingeniørarbeid,kunstig intelligens,Undirected,Medisinsk utstyr og rekvisita,Data Analyst
ingeniørarbeid,informatikk,Undirected,Medisinsk utstyr og rekvisita,Data Analyst
kunstig intelligens,informatikk,Undirected,Medisinsk utstyr og rekvisita,Data Analyst
dataanalyseverktøy,servicearbeid,Undirected,Farmasi og legemiddel,Data Analyst
dataanalyseverktøy,opprettholde dataintegritet,Undirected,Farmasi og legemiddel,Data Analyst
dataanalyseverktøy,power bi,Undirected,Farmasi og legemiddel,Data Analyst
dataanalyseverktøy,rapporteringsverktøy,Undirected,Farmasi og legemiddel,Data Analyst
dataanalyseverktøy,analysere data,Undirected,Farmasi og legemiddel,Data Analyst
dataanalyseverktøy,cybersikkerhet,Undirected,Farmasi og legemiddel,Data Analyst
servicearbeid,opprettholde dataintegritet,Undirected,Farmasi og legemiddel,Data Analyst
servicearbeid,power bi,Undirected,Farmasi og legemiddel,Data Analyst
servicearbeid,rapporteringsverktøy,Undirected,Farmasi og legemiddel,Data Analyst
servicearbeid,analysere data,Undirected,Farmasi og legemiddel,Data Analyst
servicearbeid,cybersikkerhet,Undirected,Farmasi og legemiddel,Data Analyst
opprettholde dataintegritet,power bi,Undirected,Farmasi og legemiddel,Data Analyst
opprettholde dataintegritet,rapporteringsverktøy,Undirected,Farmasi og legemiddel,Data Analyst
opprettholde dataintegritet,analysere data,Undirected,Farmasi og legemiddel,Data Analyst
opprettholde dataintegritet,cybersikkerhet,Undirected,Farmasi og legemiddel,Data Analyst
power bi,rapporteringsverktøy,Undirected,Farmasi og legemiddel,Data Analyst
power bi,analysere data,Undirected,Farmasi og legemiddel,Data Analyst
power bi,cybersikkerhet,Undirected,Farmasi og legemiddel,Data Analyst
rapporteringsverktøy,analysere data,Undirected,Farmasi og legemiddel,Data Analyst
rapporteringsverktøy,cybersikkerhet,Undirected,Farmasi og legemiddel,Data Analyst
analysere data,cybersikkerhet,Undirected,Farmasi og legemiddel,Data Analyst
bioingeniørfaglig kompetanse,felasa kategori c,Undirected,Forskning,Data Analyst
bioingeniørfaglig kompetanse,blodbankvirksomhet,Undirected,Forskning,Data Analyst
bioingeniørfaglig kompetanse,immunologi,Undirected,Forskning,Data Analyst
bioingeniørfaglig kompetanse,ta blodprøver,Undirected,Forskning,Data Analyst
bioingeniørfaglig kompetanse,molekylærbiologi,Undirected,Forskning,Data Analyst
bioingeniørfaglig kompetanse,dyreforsøk,Undirected,Forskning,Data Analyst
felasa kategori c,blodbankvirksomhet,Undirected,Forskning,Data Analyst
felasa kategori c,immunologi,Undirected,Forskning,Data Analyst
felasa kategori c,ta blodprøver,Undirected,Forskning,Data Analyst
felasa kategori c,molekylærbiologi,Undirected,Forskning,Data Analyst
felasa kategori c,dyreforsøk,Undirected,Forskning,Data Analyst
blodbankvirksomhet,immunologi,Undirected,Forskning,Data Analyst
blodbankvirksomhet,ta blodprøver,Undirected,Forskning,Data Analyst
blodbankvirksomhet,molekylærbiologi,Undirected,Forskning,Data Analyst
blodbankvirksomhet,dyreforsøk,Undirected,Forskning,Data Analyst
immunologi,ta blodprøver,Undirected,Forskning,Data Analyst
immunologi,molekylærbiologi,Undirected,Forskning,Data Analyst
immunologi,dyreforsøk,Undirected,Forskning,Data Analyst
ta blodprøver,molekylærbiologi,Undirected,Forskning,Data Analyst
ta blodprøver,dyreforsøk,Undirected,Forskning,Data Analyst
molekylærbiologi,dyreforsøk,Undirected,Forskning,Data Analyst
programmeringsspråk,ci/cd (continuous integration and continuous delivery),Undirected,Bank,Data Analyst
programmeringsspråk,python (dataprogrammering),Undirected,Bank,Data Analyst
programmeringsspråk,azure ad,Undirected,Bank,Data Analyst
programmeringsspråk,bash (operativsystem),Undirected,Bank,Data Analyst
programmeringsspråk,bicep (azure),Undirected,Bank,Data Analyst
programmeringsspråk,powershell,Undirected,Bank,Data Analyst
programmeringsspråk,automatisering,Undirected,Bank,Data Analyst
ci/cd (continuous integration and continuous delivery),python (dataprogrammering),Undirected,Bank,Data Analyst
ci/cd (continuous integration and continuous delivery),azure ad,Undirected,Bank,Data Analyst
ci/cd (continuous integration and continuous delivery),bash (operativsystem),Undirected,Bank,Data Analyst
ci/cd (continuous integration and continuous delivery),bicep (azure),Undirected,Bank,Data Analyst
ci/cd (continuous integration and continuous delivery),powershell,Undirected,Bank,Data Analyst
ci/cd (continuous integration and continuous delivery),automatisering,Undirected,Bank,Data Analyst
python (dataprogrammering),azure ad,Undirected,Bank,Data Analyst
python (dataprogrammering),bash (operativsystem),Undirected,Bank,Data Analyst
python (dataprogrammering),bicep (azure),Undirected,Bank,Data Analyst
python (dataprogrammering),powershell,Undirected,Bank,Data Analyst
python (dataprogrammering),automatisering,Undirected,Bank,Data Analyst
azure ad,bash (operativsystem),Undirected,Bank,Data Analyst
azure ad,bicep (azure),Undirected,Bank,Data Analyst
azure ad,powershell,Undirected,Bank,Data Analyst
azure ad,automatisering,Undirected,Bank,Data Analyst
bash (operativsystem),bicep (azure),Undirected,Bank,Data Analyst
bash (operativsystem),powershell,Undirected,Bank,Data Analyst
bash (operativsystem),automatisering,Undirected,Bank,Data Analyst
bicep (azure),powershell,Undirected,Bank,Data Analyst
bicep (azure),automatisering,Undirected,Bank,Data Analyst
powershell,automatisering,Undirected,Bank,Data Analyst
python (dataprogrammering),generative artificial intelligence,Undirected,Bank,Data Analyst
python (dataprogrammering),kunstig intelligens,Undirected,Bank,Data Analyst
python (dataprogrammering),moderne software-utvikling,Undirected,Bank,Data Analyst
azure ad,generative artificial intelligence,Undirected,Bank,Data Analyst
azure ad,kunstig intelligens,Undirected,Bank,Data Analyst
azure ad,moderne software-utvikling,Undirected,Bank,Data Analyst
azure ad,maskinlæring,Undirected,Bank,Data Analyst
generative artificial intelligence,kunstig intelligens,Undirected,Bank,Data Analyst
generative artificial intelligence,moderne software-utvikling,Undirected,Bank,Data Analyst
generative artificial intelligence,maskinlæring,Undirected,Bank,Data Analyst
kunstig intelligens,moderne software-utvikling,Undirected,Bank,Data Analyst
kunstig intelligens,maskinlæring,Undirected,Bank,Data Analyst
moderne software-utvikling,maskinlæring,Undirected,Bank,Data Analyst
bruk av agile-metodikk,moderne software-utvikling,Undirected,IT,Data Analyst
bruk av agile-metodikk,java (programmeringsspråk),Undirected,IT,Data Analyst
bruk av agile-metodikk,kotlin,Undirected,IT,Data Analyst
moderne software-utvikling,java (programmeringsspråk),Undirected,IT,Data Analyst
moderne software-utvikling,kotlin,Undirected,IT,Data Analyst
java (programmeringsspråk),kotlin,Undirected,IT,Data Analyst
tolke data,technical writing,Undirected,Olje og gass,Data Analyst
tolke data,ytelsesanalyse,Undirected,Olje og gass,Data Analyst
tolke data,rapportering av ytelse,Undirected,Olje og gass,Data Analyst
tolke data,analysere data,Undirected,Olje og gass,Data Analyst
tolke data,support / brukerstøtte,Undirected,Olje og gass,Data Analyst
technical writing,ytelsesanalyse,Undirected,Olje og gass,Data Analyst
technical writing,rapportering av ytelse,Undirected,Olje og gass,Data Analyst
technical writing,analysere data,Undirected,Olje og gass,Data Analyst
technical writing,support / brukerstøtte,Undirected,Olje og gass,Data Analyst
ytelsesanalyse,rapportering av ytelse,Undirected,Olje og gass,Data Analyst
ytelsesanalyse,analysere data,Undirected,Olje og gass,Data Analyst
ytelsesanalyse,support / brukerstøtte,Undirected,Olje og gass,Data Analyst
rapportering av ytelse,analysere data,Undirected,Olje og gass,Data Analyst
rapportering av ytelse,support / brukerstøtte,Undirected,Olje og gass,Data Analyst
analysere data,support / brukerstøtte,Undirected,Olje og gass,Data Analyst
pyspark,r,Undirected,IT,Data Analyst
pyspark,maskinlæring,Undirected,IT,Data Analyst
pyspark,snowflake,Undirected,IT,Data Analyst
pyspark,apache spark,Undirected,IT,Data Analyst
pyspark,tableau,Undirected,IT,Data Analyst
python (dataprogrammering),r,Undirected,IT,Data Analyst
python (dataprogrammering),snowflake,Undirected,IT,Data Analyst
python (dataprogrammering),apache spark,Undirected,IT,Data Analyst
python (dataprogrammering),tableau,Undirected,IT,Data Analyst
r,power bi,Undirected,IT,Data Analyst
r,maskinlæring,Undirected,IT,Data Analyst
r,snowflake,Undirected,IT,Data Analyst
r,apache spark,Undirected,IT,Data Analyst
r,tableau,Undirected,IT,Data Analyst
power bi,maskinlæring,Undirected,IT,Data Analyst
power bi,snowflake,Undirected,IT,Data Analyst
power bi,apache spark,Undirected,IT,Data Analyst
power bi,tableau,Undirected,IT,Data Analyst
maskinlæring,snowflake,Undirected,IT,Data Analyst
maskinlæring,apache spark,Undirected,IT,Data Analyst
maskinlæring,tableau,Undirected,IT,Data Analyst
snowflake,apache spark,Undirected,IT,Data Analyst
snowflake,tableau,Undirected,IT,Data Analyst
apache spark,tableau,Undirected,IT,Data Analyst
datastyring,azure synapse,Undirected,IT,Data Analyst
datastyring,infrastructure as code (iac),Undirected,IT,Data Analyst
datastyring,python (dataprogrammering),Undirected,IT,Data Analyst
datastyring,azure sql-database,Undirected,IT,Data Analyst
datastyring,k8s,Undirected,IT,Data Analyst
datastyring,azure data factory,Undirected,IT,Data Analyst
datastyring,sql,Undirected,IT,Data Analyst
azure synapse,infrastructure as code (iac),Undirected,IT,Data Analyst
azure synapse,python (dataprogrammering),Undirected,IT,Data Analyst
azure synapse,azure sql-database,Undirected,IT,Data Analyst
azure synapse,k8s,Undirected,IT,Data Analyst
azure synapse,azure data factory,Undirected,IT,Data Analyst
azure synapse,sql,Undirected,IT,Data Analyst
infrastructure as code (iac),python (dataprogrammering),Undirected,IT,Data Analyst
infrastructure as code (iac),azure sql-database,Undirected,IT,Data Analyst
infrastructure as code (iac),k8s,Undirected,IT,Data Analyst
infrastructure as code (iac),azure data factory,Undirected,IT,Data Analyst
infrastructure as code (iac),sql,Undirected,IT,Data Analyst
python (dataprogrammering),azure sql-database,Undirected,IT,Data Analyst
python (dataprogrammering),k8s,Undirected,IT,Data Analyst
python (dataprogrammering),azure data factory,Undirected,IT,Data Analyst
azure sql-database,k8s,Undirected,IT,Data Analyst
azure sql-database,azure data factory,Undirected,IT,Data Analyst
azure sql-database,sql,Undirected,IT,Data Analyst
k8s,azure data factory,Undirected,IT,Data Analyst
k8s,sql,Undirected,IT,Data Analyst
azure data factory,sql,Undirected,IT,Data Analyst
digitale ferdigheter,microsoft office,Undirected,Forskning,Data Analyst
field programmable gate array (fpga),mikroelektronikk,Undirected,Forskning,Data Analyst
field programmable gate array (fpga),kryptografi,Undirected,Forskning,Data Analyst
field programmable gate array (fpga),informasjonssikkerhet,Undirected,Forskning,Data Analyst
field programmable gate array (fpga),embedded systems,Undirected,Forskning,Data Analyst
field programmable gate array (fpga),sårbarhetsanalyse,Undirected,Forskning,Data Analyst
field programmable gate array (fpga),vhdl,Undirected,Forskning,Data Analyst
field programmable gate array (fpga),kryptoanalyse,Undirected,Forskning,Data Analyst
mikroelektronikk,kryptografi,Undirected,Forskning,Data Analyst
mikroelektronikk,informasjonssikkerhet,Undirected,Forskning,Data Analyst
mikroelektronikk,embedded systems,Undirected,Forskning,Data Analyst
mikroelektronikk,sårbarhetsanalyse,Undirected,Forskning,Data Analyst
mikroelektronikk,vhdl,Undirected,Forskning,Data Analyst
mikroelektronikk,kryptoanalyse,Undirected,Forskning,Data Analyst
kryptografi,informasjonssikkerhet,Undirected,Forskning,Data Analyst
kryptografi,embedded systems,Undirected,Forskning,Data Analyst
kryptografi,sårbarhetsanalyse,Undirected,Forskning,Data Analyst
kryptografi,vhdl,Undirected,Forskning,Data Analyst
kryptografi,kryptoanalyse,Undirected,Forskning,Data Analyst
informasjonssikkerhet,embedded systems,Undirected,Forskning,Data Analyst
informasjonssikkerhet,sårbarhetsanalyse,Undirected,Forskning,Data Analyst
informasjonssikkerhet,vhdl,Undirected,Forskning,Data Analyst
informasjonssikkerhet,kryptoanalyse,Undirected,Forskning,Data Analyst
embedded systems,sårbarhetsanalyse,Undirected,Forskning,Data Analyst
embedded systems,vhdl,Undirected,Forskning,Data Analyst
embedded systems,kryptoanalyse,Undirected,Forskning,Data Analyst
sårbarhetsanalyse,vhdl,Undirected,Forskning,Data Analyst
sårbarhetsanalyse,kryptoanalyse,Undirected,Forskning,Data Analyst
vhdl,kryptoanalyse,Undirected,Forskning,Data Analyst
data engineering,ci/cd (continuous integration and continuous delivery),Undirected,Forsvar og militær,Data Analyst
data engineering,api,Undirected,Forsvar og militær,Data Analyst
data engineering,behandle data,Undirected,Forsvar og militær,Data Analyst
data engineering,python (dataprogrammering),Undirected,Forsvar og militær,Data Analyst
data engineering,java (programmeringsspråk),Undirected,Forsvar og militær,Data Analyst
ci/cd (continuous integration and continuous delivery),api,Undirected,Forsvar og militær,Data Analyst
ci/cd (continuous integration and continuous delivery),behandle data,Undirected,Forsvar og militær,Data Analyst
ci/cd (continuous integration and continuous delivery),python (dataprogrammering),Undirected,Forsvar og militær,Data Analyst
ci/cd (continuous integration and continuous delivery),java (programmeringsspråk),Undirected,Forsvar og militær,Data Analyst
api,behandle data,Undirected,Forsvar og militær,Data Analyst
api,python (dataprogrammering),Undirected,Forsvar og militær,Data Analyst
api,java (programmeringsspråk),Undirected,Forsvar og militær,Data Analyst
behandle data,python (dataprogrammering),Undirected,Forsvar og militær,Data Analyst
behandle data,java (programmeringsspråk),Undirected,Forsvar og militær,Data Analyst
python (dataprogrammering),java (programmeringsspråk),Undirected,Forsvar og militær,Data Analyst
datavitenskap,programmeringsspråk,Undirected,Maritim og offshore,Data Analyst
datavitenskap,python (dataprogrammering),Undirected,Maritim og offshore,Data Analyst
datavitenskap,matematikk,Undirected,Maritim og offshore,Data Analyst
datavitenskap,maskinlæring,Undirected,Maritim og offshore,Data Analyst
datavitenskap,ingeniørarbeid,Undirected,Maritim og offshore,Data Analyst
datavitenskap,ingeniørkunst,Undirected,Maritim og offshore,Data Analyst
programmeringsspråk,python (dataprogrammering),Undirected,Maritim og offshore,Data Analyst
programmeringsspråk,matematikk,Undirected,Maritim og offshore,Data Analyst
programmeringsspråk,maskinlæring,Undirected,Maritim og offshore,Data Analyst
programmeringsspråk,ingeniørarbeid,Undirected,Maritim og offshore,Data Analyst
programmeringsspråk,ingeniørkunst,Undirected,Maritim og offshore,Data Analyst
python (dataprogrammering),matematikk,Undirected,Maritim og offshore,Data Analyst
python (dataprogrammering),maskinlæring,Undirected,Maritim og offshore,Data Analyst
python (dataprogrammering),ingeniørarbeid,Undirected,Maritim og offshore,Data Analyst
python (dataprogrammering),ingeniørkunst,Undirected,Maritim og offshore,Data Analyst
matematikk,maskinlæring,Undirected,Maritim og offshore,Data Analyst
matematikk,ingeniørarbeid,Undirected,Maritim og offshore,Data Analyst
matematikk,ingeniørkunst,Undirected,Maritim og offshore,Data Analyst
maskinlæring,ingeniørarbeid,Undirected,Maritim og offshore,Data Analyst
maskinlæring,ingeniørkunst,Undirected,Maritim og offshore,Data Analyst
ingeniørarbeid,ingeniørkunst,Undirected,Maritim og offshore,Data Analyst
tensorflow,python (dataprogrammering),Undirected,Forsvar og militær,Data Analyst
tensorflow,ci/cd (continuous integration and continuous delivery),Undirected,Forsvar og militær,Data Analyst
tensorflow,maskinlæring,Undirected,Forsvar og militær,Data Analyst
tensorflow,pytorch,Undirected,Forsvar og militær,Data Analyst
tensorflow,scikit-learn,Undirected,Forsvar og militær,Data Analyst
tensorflow,modellbygging,Undirected,Forsvar og militær,Data Analyst
python (dataprogrammering),maskinlæring,Undirected,Forsvar og militær,Data Analyst
python (dataprogrammering),pytorch,Undirected,Forsvar og militær,Data Analyst
python (dataprogrammering),scikit-learn,Undirected,Forsvar og militær,Data Analyst
python (dataprogrammering),modellbygging,Undirected,Forsvar og militær,Data Analyst
ci/cd (continuous integration and continuous delivery),maskinlæring,Undirected,Forsvar og militær,Data Analyst
ci/cd (continuous integration and continuous delivery),pytorch,Undirected,Forsvar og militær,Data Analyst
ci/cd (continuous integration and continuous delivery),scikit-learn,Undirected,Forsvar og militær,Data Analyst
ci/cd (continuous integration and continuous delivery),modellbygging,Undirected,Forsvar og militær,Data Analyst
maskinlæring,pytorch,Undirected,Forsvar og militær,Data Analyst
maskinlæring,maskinlæring,Undirected,Forsvar og militær,Data Analyst
maskinlæring,scikit-learn,Undirected,Forsvar og militær,Data Analyst
maskinlæring,modellbygging,Undirected,Forsvar og militær,Data Analyst
pytorch,scikit-learn,Undirected,Forsvar og militær,Data Analyst
pytorch,modellbygging,Undirected,Forsvar og militær,Data Analyst
scikit-learn,modellbygging,Undirected,Forsvar og militær,Data Analyst
automatisering,kunstig intelligens,Undirected,n vi opererer i endres raskere enn noen gang,Data Analyst
automatisering,analysere data,Undirected,n vi opererer i endres raskere enn noen gang,Data Analyst
automatisering,informatikk,Undirected,n vi opererer i endres raskere enn noen gang,Data Analyst
automatisering,moderne software-utvikling,Undirected,n vi opererer i endres raskere enn noen gang,Data Analyst
kunstig intelligens,analysere data,Undirected,n vi opererer i endres raskere enn noen gang,Data Analyst
kunstig intelligens,informatikk,Undirected,n vi opererer i endres raskere enn noen gang,Data Analyst
kunstig intelligens,moderne software-utvikling,Undirected,n vi opererer i endres raskere enn noen gang,Data Analyst
analysere data,informatikk,Undirected,n vi opererer i endres raskere enn noen gang,Data Analyst
analysere data,moderne software-utvikling,Undirected,n vi opererer i endres raskere enn noen gang,Data Analyst
informatikk,moderne software-utvikling,Undirected,n vi opererer i endres raskere enn noen gang,Data Analyst
digitalisering,adl,Undirected,Forsvar og militær,Data Analyst
digitalisering,sikkerhetsklarering,Undirected,Forsvar og militær,Data Analyst
digitalisering,sikre interoperabilitet,Undirected,Forsvar og militær,Data Analyst
digitalisering,arkitektonisk design,Undirected,Forsvar og militær,Data Analyst
digitalisering,forretningsarkitektur,Undirected,Forsvar og militær,Data Analyst
digitalisering,kunnskap om teknologi,Undirected,Forsvar og militær,Data Analyst
adl,sikkerhetsklarering,Undirected,Forsvar og militær,Data Analyst
adl,sikre interoperabilitet,Undirected,Forsvar og militær,Data Analyst
adl,arkitektonisk design,Undirected,Forsvar og militær,Data Analyst
adl,forretningsarkitektur,Undirected,Forsvar og militær,Data Analyst
adl,kunnskap om teknologi,Undirected,Forsvar og militær,Data Analyst
sikkerhetsklarering,sikre interoperabilitet,Undirected,Forsvar og militær,Data Analyst
sikkerhetsklarering,arkitektonisk design,Undirected,Forsvar og militær,Data Analyst
sikkerhetsklarering,forretningsarkitektur,Undirected,Forsvar og militær,Data Analyst
sikkerhetsklarering,kunnskap om teknologi,Undirected,Forsvar og militær,Data Analyst
sikre interoperabilitet,arkitektonisk design,Undirected,Forsvar og militær,Data Analyst
sikre interoperabilitet,forretningsarkitektur,Undirected,Forsvar og militær,Data Analyst
sikre interoperabilitet,kunnskap om teknologi,Undirected,Forsvar og militær,Data Analyst
arkitektonisk design,forretningsarkitektur,Undirected,Forsvar og militær,Data Analyst
arkitektonisk design,kunnskap om teknologi,Undirected,Forsvar og militær,Data Analyst
forretningsarkitektur,kunnskap om teknologi,Undirected,Forsvar og militær,Data Analyst
assembly (dataprogrammering),python (dataprogrammering),Undirected,Elektronikk,Data Analyst
assembly (dataprogrammering),kontinuerlig integrasjon,Undirected,Elektronikk,Data Analyst
assembly (dataprogrammering),linux,Undirected,Elektronikk,Data Analyst
assembly (dataprogrammering),jenkins (software),Undirected,Elektronikk,Data Analyst
assembly (dataprogrammering),arm cortex-m,Undirected,Elektronikk,Data Analyst
assembly (dataprogrammering),embedded c,Undirected,Elektronikk,Data Analyst
python (dataprogrammering),kontinuerlig integrasjon,Undirected,Elektronikk,Data Analyst
python (dataprogrammering),linux,Undirected,Elektronikk,Data Analyst
python (dataprogrammering),jenkins (software),Undirected,Elektronikk,Data Analyst
python (dataprogrammering),arm cortex-m,Undirected,Elektronikk,Data Analyst
python (dataprogrammering),embedded c,Undirected,Elektronikk,Data Analyst
kontinuerlig integrasjon,linux,Undirected,Elektronikk,Data Analyst
kontinuerlig integrasjon,jenkins (software),Undirected,Elektronikk,Data Analyst
kontinuerlig integrasjon,arm cortex-m,Undirected,Elektronikk,Data Analyst
kontinuerlig integrasjon,embedded c,Undirected,Elektronikk,Data Analyst
linux,jenkins (software),Undirected,Elektronikk,Data Analyst
linux,arm cortex-m,Undirected,Elektronikk,Data Analyst
linux,embedded c,Undirected,Elektronikk,Data Analyst
jenkins (software),arm cortex-m,Undirected,Elektronikk,Data Analyst
jenkins (software),embedded c,Undirected,Elektronikk,Data Analyst
arm cortex-m,embedded c,Undirected,Elektronikk,Data Analyst
azure ad,.net framework,Undirected,Butikk og varehandel,Data Analyst
azure ad,kunstig intelligens,Undirected,Butikk og varehandel,Data Analyst
azure ad,c# (programmeringsspråk),Undirected,Butikk og varehandel,Data Analyst
azure ad,java (programmeringsspråk),Undirected,Butikk og varehandel,Data Analyst
azure ad,analysere data,Undirected,Butikk og varehandel,Data Analyst
.net framework,kunstig intelligens,Undirected,Butikk og varehandel,Data Analyst
.net framework,c# (programmeringsspråk),Undirected,Butikk og varehandel,Data Analyst
.net framework,java (programmeringsspråk),Undirected,Butikk og varehandel,Data Analyst
.net framework,analysere data,Undirected,Butikk og varehandel,Data Analyst
kunstig intelligens,c# (programmeringsspråk),Undirected,Butikk og varehandel,Data Analyst
kunstig intelligens,java (programmeringsspråk),Undirected,Butikk og varehandel,Data Analyst
kunstig intelligens,analysere data,Undirected,Butikk og varehandel,Data Analyst
c# (programmeringsspråk),java (programmeringsspråk),Undirected,Butikk og varehandel,Data Analyst
c# (programmeringsspråk),analysere data,Undirected,Butikk og varehandel,Data Analyst
java (programmeringsspråk),analysere data,Undirected,Butikk og varehandel,Data Analyst
datastyring,opprettholde dataintegritet,Undirected,Bank,Data Analyst
datastyring,kvalitetssikring av data,Undirected,Bank,Data Analyst
datastyring,dataanalyse og rapportering,Undirected,Bank,Data Analyst
datastyring,sql,Undirected,Bank,Data Analyst
datastyring,arbeidsdag,Undirected,Bank,Data Analyst
datastyring,regulatory compliance,Undirected,Bank,Data Analyst
opprettholde dataintegritet,kvalitetssikring av data,Undirected,Bank,Data Analyst
opprettholde dataintegritet,dataanalyse og rapportering,Undirected,Bank,Data Analyst
opprettholde dataintegritet,sql,Undirected,Bank,Data Analyst
opprettholde dataintegritet,arbeidsdag,Undirected,Bank,Data Analyst
opprettholde dataintegritet,regulatory compliance,Undirected,Bank,Data Analyst
kvalitetssikring av data,dataanalyse og rapportering,Undirected,Bank,Data Analyst
kvalitetssikring av data,sql,Undirected,Bank,Data Analyst
kvalitetssikring av data,arbeidsdag,Undirected,Bank,Data Analyst
kvalitetssikring av data,regulatory compliance,Undirected,Bank,Data Analyst
dataanalyse og rapportering,sql,Undirected,Bank,Data Analyst
dataanalyse og rapportering,arbeidsdag,Undirected,Bank,Data Analyst
dataanalyse og rapportering,regulatory compliance,Undirected,Bank,Data Analyst
sql,arbeidsdag,Undirected,Bank,Data Analyst
sql,regulatory compliance,Undirected,Bank,Data Analyst
arbeidsdag,regulatory compliance,Undirected,Bank,Data Analyst
datavitenskap,statistikk,Undirected,Bank,Data Analyst
datavitenskap,python (dataprogrammering),Undirected,Bank,Data Analyst
datavitenskap,matematikk,Undirected,Bank,Data Analyst
datavitenskap,bibliotek (programvare),Undirected,Bank,Data Analyst
datavitenskap,analysere data,Undirected,Bank,Data Analyst
datavitenskap,maskinlæring,Undirected,Bank,Data Analyst
statistikk,python (dataprogrammering),Undirected,Bank,Data Analyst
statistikk,matematikk,Undirected,Bank,Data Analyst
statistikk,bibliotek (programvare),Undirected,Bank,Data Analyst
statistikk,analysere data,Undirected,Bank,Data Analyst
statistikk,maskinlæring,Undirected,Bank,Data Analyst
python (dataprogrammering),matematikk,Undirected,Bank,Data Analyst
python (dataprogrammering),bibliotek (programvare),Undirected,Bank,Data Analyst
matematikk,bibliotek (programvare),Undirected,Bank,Data Analyst
matematikk,analysere data,Undirected,Bank,Data Analyst
matematikk,maskinlæring,Undirected,Bank,Data Analyst
bibliotek (programvare),analysere data,Undirected,Bank,Data Analyst
bibliotek (programvare),maskinlæring,Undirected,Bank,Data Analyst
datavitenskap,kjemiteknikk,Undirected,Olje og gass,Data Analyst
datavitenskap,elektronikk,Undirected,Olje og gass,Data Analyst
datavitenskap,petroleumsteknologi,Undirected,Olje og gass,Data Analyst
datavitenskap,ingeniørarbeid,Undirected,Olje og gass,Data Analyst
datavitenskap,detalj prosjektering/ engineering elektro,Undirected,Olje og gass,Data Analyst
datavitenskap,ingeniørkunst,Undirected,Olje og gass,Data Analyst
kjemiteknikk,elektronikk,Undirected,Olje og gass,Data Analyst
kjemiteknikk,petroleumsteknologi,Undirected,Olje og gass,Data Analyst
kjemiteknikk,ingeniørarbeid,Undirected,Olje og gass,Data Analyst
kjemiteknikk,detalj prosjektering/ engineering elektro,Undirected,Olje og gass,Data Analyst
kjemiteknikk,ingeniørkunst,Undirected,Olje og gass,Data Analyst
elektronikk,petroleumsteknologi,Undirected,Olje og gass,Data Analyst
elektronikk,ingeniørarbeid,Undirected,Olje og gass,Data Analyst
elektronikk,detalj prosjektering/ engineering elektro,Undirected,Olje og gass,Data Analyst
elektronikk,ingeniørkunst,Undirected,Olje og gass,Data Analyst
petroleumsteknologi,ingeniørarbeid,Undirected,Olje og gass,Data Analyst
petroleumsteknologi,detalj prosjektering/ engineering elektro,Undirected,Olje og gass,Data Analyst
petroleumsteknologi,ingeniørkunst,Undirected,Olje og gass,Data Analyst
ingeniørarbeid,detalj prosjektering/ engineering elektro,Undirected,Olje og gass,Data Analyst
ingeniørarbeid,ingeniørkunst,Undirected,Olje og gass,Data Analyst
detalj prosjektering/ engineering elektro,ingeniørkunst,Undirected,Olje og gass,Data Analyst
.net core,python (dataprogrammering),Undirected,Bank,Data Analyst
.net core,generative artificial intelligence,Undirected,Bank,Data Analyst
.net core,angular,Undirected,Bank,Data Analyst
.net core,sql,Undirected,Bank,Data Analyst
.net core,amazon web services (aws),Undirected,Bank,Data Analyst
.net core,javascript,Undirected,Bank,Data Analyst
.net core,typescript,Undirected,Bank,Data Analyst
python (dataprogrammering),angular,Undirected,Bank,Data Analyst
python (dataprogrammering),amazon web services (aws),Undirected,Bank,Data Analyst
python (dataprogrammering),javascript,Undirected,Bank,Data Analyst
python (dataprogrammering),typescript,Undirected,Bank,Data Analyst
generative artificial intelligence,angular,Undirected,Bank,Data Analyst
generative artificial intelligence,sql,Undirected,Bank,Data Analyst
generative artificial intelligence,amazon web services (aws),Undirected,Bank,Data Analyst
generative artificial intelligence,javascript,Undirected,Bank,Data Analyst
generative artificial intelligence,typescript,Undirected,Bank,Data Analyst
angular,sql,Undirected,Bank,Data Analyst
angular,amazon web services (aws),Undirected,Bank,Data Analyst
angular,javascript,Undirected,Bank,Data Analyst
angular,typescript,Undirected,Bank,Data Analyst
sql,javascript,Undirected,Bank,Data Analyst
sql,typescript,Undirected,Bank,Data Analyst
amazon web services (aws),javascript,Undirected,Bank,Data Analyst
amazon web services (aws),typescript,Undirected,Bank,Data Analyst
javascript,typescript,Undirected,Bank,Data Analyst
sql,development of data pipelines,Undirected,Arbeidstaker- og arbeidsgiverorganisasjoner,Data Analyst
sql,nosql,Undirected,Arbeidstaker- og arbeidsgiverorganisasjoner,Data Analyst
sql,python (dataprogrammering),Undirected,Arbeidstaker- og arbeidsgiverorganisasjoner,Data Analyst
development of data pipelines,nosql,Undirected,Arbeidstaker- og arbeidsgiverorganisasjoner,Data Analyst
development of data pipelines,python (dataprogrammering),Undirected,Arbeidstaker- og arbeidsgiverorganisasjoner,Data Analyst
nosql,python (dataprogrammering),Undirected,Arbeidstaker- og arbeidsgiverorganisasjoner,Data Analyst
datastyring,data engineering,Undirected,IT,Data Analyst
datastyring,datasjø,Undirected,IT,Data Analyst
datastyring,database,Undirected,IT,Data Analyst
datastyring,development of data pipelines,Undirected,IT,Data Analyst
data engineering,infrastructure as code (iac),Undirected,IT,Data Analyst
data engineering,python (dataprogrammering),Undirected,IT,Data Analyst
data engineering,datasjø,Undirected,IT,Data Analyst
data engineering,database,Undirected,IT,Data Analyst
data engineering,sql,Undirected,IT,Data Analyst
data engineering,development of data pipelines,Undirected,IT,Data Analyst
infrastructure as code (iac),datasjø,Undirected,IT,Data Analyst
infrastructure as code (iac),database,Undirected,IT,Data Analyst
infrastructure as code (iac),development of data pipelines,Undirected,IT,Data Analyst
python (dataprogrammering),datasjø,Undirected,IT,Data Analyst
python (dataprogrammering),database,Undirected,IT,Data Analyst
python (dataprogrammering),development of data pipelines,Undirected,IT,Data Analyst
datasjø,database,Undirected,IT,Data Analyst
datasjø,sql,Undirected,IT,Data Analyst
datasjø,development of data pipelines,Undirected,IT,Data Analyst
database,sql,Undirected,IT,Data Analyst
database,development of data pipelines,Undirected,IT,Data Analyst
sql,development of data pipelines,Undirected,IT,Data Analyst
datastyring,general data protection regulation (gdpr),Undirected,IT,Data Analyst
datastyring,forskrifter,Undirected,IT,Data Analyst
datastyring,metadata standards,Undirected,IT,Data Analyst
datastyring,katalogisere,Undirected,IT,Data Analyst
datastyring,opprettholde dataintegritet,Undirected,IT,Data Analyst
datastyring,kvalitetssikring av data,Undirected,IT,Data Analyst
general data protection regulation (gdpr),forskrifter,Undirected,IT,Data Analyst
general data protection regulation (gdpr),metadata standards,Undirected,IT,Data Analyst
general data protection regulation (gdpr),katalogisere,Undirected,IT,Data Analyst
general data protection regulation (gdpr),opprettholde dataintegritet,Undirected,IT,Data Analyst
general data protection regulation (gdpr),kvalitetssikring av data,Undirected,IT,Data Analyst
forskrifter,metadata standards,Undirected,IT,Data Analyst
forskrifter,katalogisere,Undirected,IT,Data Analyst
forskrifter,opprettholde dataintegritet,Undirected,IT,Data Analyst
forskrifter,kvalitetssikring av data,Undirected,IT,Data Analyst
metadata standards,katalogisere,Undirected,IT,Data Analyst
metadata standards,opprettholde dataintegritet,Undirected,IT,Data Analyst
metadata standards,kvalitetssikring av data,Undirected,IT,Data Analyst
katalogisere,opprettholde dataintegritet,Undirected,IT,Data Analyst
katalogisere,kvalitetssikring av data,Undirected,IT,Data Analyst
opprettholde dataintegritet,kvalitetssikring av data,Undirected,IT,Data Analyst
datavitenskap,dokumentasjon,Undirected,IT,Data Analyst
datavitenskap,prototype,Undirected,IT,Data Analyst
datavitenskap,kvalitetssikring av data,Undirected,IT,Data Analyst
datavitenskap,kunstig intelligens,Undirected,IT,Data Analyst
dokumentasjon,prototype,Undirected,IT,Data Analyst
dokumentasjon,kvalitetssikring av data,Undirected,IT,Data Analyst
dokumentasjon,informasjonssikkerhet,Undirected,IT,Data Analyst
dokumentasjon,kunstig intelligens,Undirected,IT,Data Analyst
dokumentasjon,analysere data,Undirected,IT,Data Analyst
dokumentasjon,maskinlæring,Undirected,IT,Data Analyst
prototype,kvalitetssikring av data,Undirected,IT,Data Analyst
prototype,informasjonssikkerhet,Undirected,IT,Data Analyst
prototype,kunstig intelligens,Undirected,IT,Data Analyst
prototype,analysere data,Undirected,IT,Data Analyst
prototype,maskinlæring,Undirected,IT,Data Analyst
kvalitetssikring av data,informasjonssikkerhet,Undirected,IT,Data Analyst
kvalitetssikring av data,kunstig intelligens,Undirected,IT,Data Analyst
kvalitetssikring av data,analysere data,Undirected,IT,Data Analyst
kvalitetssikring av data,maskinlæring,Undirected,IT,Data Analyst
informasjonssikkerhet,kunstig intelligens,Undirected,IT,Data Analyst
informasjonssikkerhet,analysere data,Undirected,IT,Data Analyst
informasjonssikkerhet,maskinlæring,Undirected,IT,Data Analyst
kunstig intelligens,analysere data,Undirected,IT,Data Analyst
kunstig intelligens,maskinlæring,Undirected,IT,Data Analyst
customer relationship management (crm),kontinuerlig forbedringsprosess (cip),Undirected,Annet,Data Analyst
customer relationship management (crm),support / brukerstøtte,Undirected,Annet,Data Analyst
customer relationship management (crm),prosjekteringsledelse,Undirected,Annet,Data Analyst
customer relationship management (crm),forretningsutvikling,Undirected,Annet,Data Analyst
customer relationship management (crm),analysere data,Undirected,Annet,Data Analyst
customer relationship management (crm),dokumentering og registrering av informasjon,Undirected,Annet,Data Analyst
kontinuerlig forbedringsprosess (cip),support / brukerstøtte,Undirected,Annet,Data Analyst
kontinuerlig forbedringsprosess (cip),prosjekteringsledelse,Undirected,Annet,Data Analyst
kontinuerlig forbedringsprosess (cip),forretningsutvikling,Undirected,Annet,Data Analyst
kontinuerlig forbedringsprosess (cip),analysere data,Undirected,Annet,Data Analyst
kontinuerlig forbedringsprosess (cip),dokumentering og registrering av informasjon,Undirected,Annet,Data Analyst
support / brukerstøtte,prosjekteringsledelse,Undirected,Annet,Data Analyst
support / brukerstøtte,forretningsutvikling,Undirected,Annet,Data Analyst
support / brukerstøtte,analysere data,Undirected,Annet,Data Analyst
support / brukerstøtte,dokumentering og registrering av informasjon,Undirected,Annet,Data Analyst
prosjekteringsledelse,forretningsutvikling,Undirected,Annet,Data Analyst
prosjekteringsledelse,analysere data,Undirected,Annet,Data Analyst
prosjekteringsledelse,dokumentering og registrering av informasjon,Undirected,Annet,Data Analyst
forretningsutvikling,analysere data,Undirected,Annet,Data Analyst
forretningsutvikling,dokumentering og registrering av informasjon,Undirected,Annet,Data Analyst
analysere data,dokumentering og registrering av informasjon,Undirected,Annet,Data Analyst
process documentation,prosessanalyse,Undirected,Helse og omsorg,Data Analyst
process documentation,automasjon,Undirected,Helse og omsorg,Data Analyst
process documentation,prosessdesign,Undirected,Helse og omsorg,Data Analyst
process documentation,analysere forretningsprosesser,Undirected,Helse og omsorg,Data Analyst
prosessanalyse,automasjon,Undirected,Helse og omsorg,Data Analyst
prosessanalyse,prosessdesign,Undirected,Helse og omsorg,Data Analyst
prosessanalyse,analysere forretningsprosesser,Undirected,Helse og omsorg,Data Analyst
automasjon,prosessdesign,Undirected,Helse og omsorg,Data Analyst
automasjon,analysere forretningsprosesser,Undirected,Helse og omsorg,Data Analyst
prosessdesign,analysere forretningsprosesser,Undirected,Helse og omsorg,Data Analyst
dataprogrammering,signalbehandling,Undirected,IT - maskinvare,Data Analyst
dataprogrammering,ingeniørarbeid,Undirected,IT - maskinvare,Data Analyst
dataprogrammering,elektriske generatorer,Undirected,IT - maskinvare,Data Analyst
dataprogrammering,kunnskap om teknologi,Undirected,IT - maskinvare,Data Analyst
dataprogrammering,radiofrekvensteknikk,Undirected,IT - maskinvare,Data Analyst
signalbehandling,ingeniørarbeid,Undirected,IT - maskinvare,Data Analyst
signalbehandling,elektriske generatorer,Undirected,IT - maskinvare,Data Analyst
signalbehandling,kunnskap om teknologi,Undirected,IT - maskinvare,Data Analyst
signalbehandling,radiofrekvensteknikk,Undirected,IT - maskinvare,Data Analyst
ingeniørarbeid,elektriske generatorer,Undirected,IT - maskinvare,Data Analyst
ingeniørarbeid,kunnskap om teknologi,Undirected,IT - maskinvare,Data Analyst
ingeniørarbeid,radiofrekvensteknikk,Undirected,IT - maskinvare,Data Analyst
elektriske generatorer,kunnskap om teknologi,Undirected,IT - maskinvare,Data Analyst
elektriske generatorer,radiofrekvensteknikk,Undirected,IT - maskinvare,Data Analyst
kunnskap om teknologi,radiofrekvensteknikk,Undirected,IT - maskinvare,Data Analyst
general data protection regulation (gdpr),a/b-test,Undirected,Annet,Data Analyst
general data protection regulation (gdpr),analysere data om klienter,Undirected,Annet,Data Analyst
general data protection regulation (gdpr),segmentere,Undirected,Annet,Data Analyst
general data protection regulation (gdpr),datadrevet markedsføring,Undirected,Annet,Data Analyst
a/b-test,analysere data om klienter,Undirected,Annet,Data Analyst
a/b-test,segmentere,Undirected,Annet,Data Analyst
a/b-test,datadrevet markedsføring,Undirected,Annet,Data Analyst
analysere data om klienter,segmentere,Undirected,Annet,Data Analyst
analysere data om klienter,datadrevet markedsføring,Undirected,Annet,Data Analyst
segmentere,datadrevet markedsføring,Undirected,Annet,Data Analyst
docker,python (dataprogrammering),Undirected,Forskning,Data Analyst
docker,maskinlæring,Undirected,Forskning,Data Analyst
python (dataprogrammering),maskinlæring,Undirected,Forskning,Data Analyst
six sigma-metoder,lage benchmarks,Undirected,Industri og produksjon,Data Analyst
six sigma-metoder,lean methods,Undirected,Industri og produksjon,Data Analyst
six sigma-metoder,operational excellence,Undirected,Industri og produksjon,Data Analyst
lage benchmarks,lean methods,Undirected,Industri og produksjon,Data Analyst
lage benchmarks,operational excellence,Undirected,Industri og produksjon,Data Analyst
lean methods,operational excellence,Undirected,Industri og produksjon,Data Analyst
six sigma-metoder,programledelse,Undirected,Forsvar og militær,Data Analyst
six sigma-metoder,lage benchmarks,Undirected,Forsvar og militær,Data Analyst
six sigma-metoder,ingeniørarbeid,Undirected,Forsvar og militær,Data Analyst
six sigma-metoder,internet of things,Undirected,Forsvar og militær,Data Analyst
six sigma-metoder,operational excellence,Undirected,Forsvar og militær,Data Analyst
programledelse,lage benchmarks,Undirected,Forsvar og militær,Data Analyst
programledelse,ingeniørarbeid,Undirected,Forsvar og militær,Data Analyst
programledelse,internet of things,Undirected,Forsvar og militær,Data Analyst
programledelse,operational excellence,Undirected,Forsvar og militær,Data Analyst
lage benchmarks,ingeniørarbeid,Undirected,Forsvar og militær,Data Analyst
lage benchmarks,internet of things,Undirected,Forsvar og militær,Data Analyst
lage benchmarks,operational excellence,Undirected,Forsvar og militær,Data Analyst
ingeniørarbeid,internet of things,Undirected,Forsvar og militær,Data Analyst
ingeniørarbeid,operational excellence,Undirected,Forsvar og militær,Data Analyst
internet of things,operational excellence,Undirected,Forsvar og militær,Data Analyst
datavitenskap,microsoft certified professional (mcp),Undirected,Eiendom,Data Analyst
datavitenskap,database,Undirected,Eiendom,Data Analyst
datavitenskap,sql,Undirected,Eiendom,Data Analyst
datavitenskap,automatisering,Undirected,Eiendom,Data Analyst
datavitenskap,kunstig intelligens,Undirected,Eiendom,Data Analyst
datavitenskap,moderne software-utvikling,Undirected,Eiendom,Data Analyst
datavitenskap,maskinlæring,Undirected,Eiendom,Data Analyst
microsoft certified professional (mcp),database,Undirected,Eiendom,Data Analyst
microsoft certified professional (mcp),sql,Undirected,Eiendom,Data Analyst
microsoft certified professional (mcp),automatisering,Undirected,Eiendom,Data Analyst
microsoft certified professional (mcp),kunstig intelligens,Undirected,Eiendom,Data Analyst
microsoft certified professional (mcp),moderne software-utvikling,Undirected,Eiendom,Data Analyst
microsoft certified professional (mcp),maskinlæring,Undirected,Eiendom,Data Analyst
database,sql,Undirected,Eiendom,Data Analyst
database,automatisering,Undirected,Eiendom,Data Analyst
database,kunstig intelligens,Undirected,Eiendom,Data Analyst
database,moderne software-utvikling,Undirected,Eiendom,Data Analyst
database,maskinlæring,Undirected,Eiendom,Data Analyst
sql,automatisering,Undirected,Eiendom,Data Analyst
sql,kunstig intelligens,Undirected,Eiendom,Data Analyst
sql,moderne software-utvikling,Undirected,Eiendom,Data Analyst
sql,maskinlæring,Undirected,Eiendom,Data Analyst
automatisering,kunstig intelligens,Undirected,Eiendom,Data Analyst
automatisering,moderne software-utvikling,Undirected,Eiendom,Data Analyst
automatisering,maskinlæring,Undirected,Eiendom,Data Analyst
kunstig intelligens,moderne software-utvikling,Undirected,Eiendom,Data Analyst
kunstig intelligens,maskinlæring,Undirected,Eiendom,Data Analyst
moderne software-utvikling,maskinlæring,Undirected,Eiendom,Data Analyst
partielle differensialligninger,python (dataprogrammering),Undirected,Forskning,Data Analyst
partielle differensialligninger,modellering og simulering,Undirected,Forskning,Data Analyst
partielle differensialligninger,algoritmer,Undirected,Forskning,Data Analyst
partielle differensialligninger,c++ (programming language),Undirected,Forskning,Data Analyst
partielle differensialligninger,maskinlæring,Undirected,Forskning,Data Analyst
python (dataprogrammering),modellering og simulering,Undirected,Forskning,Data Analyst
python (dataprogrammering),algoritmer,Undirected,Forskning,Data Analyst
python (dataprogrammering),c++ (programming language),Undirected,Forskning,Data Analyst
modellering og simulering,algoritmer,Undirected,Forskning,Data Analyst
modellering og simulering,c++ (programming language),Undirected,Forskning,Data Analyst
modellering og simulering,maskinlæring,Undirected,Forskning,Data Analyst
algoritmer,c++ (programming language),Undirected,Forskning,Data Analyst
algoritmer,maskinlæring,Undirected,Forskning,Data Analyst
c++ (programming language),maskinlæring,Undirected,Forskning,Data Analyst
backend webutvikling,tensorflow,Undirected,Annet,Data Analyst
backend webutvikling,nosql,Undirected,Annet,Data Analyst
backend webutvikling,python (dataprogrammering),Undirected,Annet,Data Analyst
backend webutvikling,database,Undirected,Annet,Data Analyst
backend webutvikling,pytorch,Undirected,Annet,Data Analyst
backend webutvikling,kunstig intelligens,Undirected,Annet,Data Analyst
backend webutvikling,maskinlæring,Undirected,Annet,Data Analyst
tensorflow,nosql,Undirected,Annet,Data Analyst
tensorflow,python (dataprogrammering),Undirected,Annet,Data Analyst
tensorflow,database,Undirected,Annet,Data Analyst
tensorflow,pytorch,Undirected,Annet,Data Analyst
tensorflow,kunstig intelligens,Undirected,Annet,Data Analyst
tensorflow,maskinlæring,Undirected,Annet,Data Analyst
nosql,python (dataprogrammering),Undirected,Annet,Data Analyst
nosql,database,Undirected,Annet,Data Analyst
nosql,pytorch,Undirected,Annet,Data Analyst
nosql,kunstig intelligens,Undirected,Annet,Data Analyst
nosql,maskinlæring,Undirected,Annet,Data Analyst
python (dataprogrammering),database,Undirected,Annet,Data Analyst
python (dataprogrammering),pytorch,Undirected,Annet,Data Analyst
python (dataprogrammering),kunstig intelligens,Undirected,Annet,Data Analyst
python (dataprogrammering),maskinlæring,Undirected,Annet,Data Analyst
database,pytorch,Undirected,Annet,Data Analyst
database,kunstig intelligens,Undirected,Annet,Data Analyst
database,maskinlæring,Undirected,Annet,Data Analyst
pytorch,kunstig intelligens,Undirected,Annet,Data Analyst
pytorch,maskinlæring,Undirected,Annet,Data Analyst
kunstig intelligens,maskinlæring,Undirected,Annet,Data Analyst
administrere data,microsoft excel,Undirected,Bygg og anlegg,Big Data
administrere data,microsoft,Undirected,Bygg og anlegg,Big Data
administrere data,opprette innkjøpsordre,Undirected,Bygg og anlegg,Big Data
microsoft excel,microsoft,Undirected,Bygg og anlegg,Big Data
microsoft excel,opprette innkjøpsordre,Undirected,Bygg og anlegg,Big Data
microsoft,opprette innkjøpsordre,Undirected,Bygg og anlegg,Big Data
teknisk salg,kommunikator,Undirected,Industri og produksjon,Big Data
teknisk salg,autonome systemer,Undirected,Industri og produksjon,Big Data
teknisk salg,maritim teknologi,Undirected,Industri og produksjon,Big Data
teknisk salg,kundedialog,Undirected,Industri og produksjon,Big Data
teknisk salg,digitalisering av prosesser,Undirected,Industri og produksjon,Big Data
teknisk salg,kunstig intelligens,Undirected,Industri og produksjon,Big Data
teknisk salg,regulatory compliance,Undirected,Industri og produksjon,Big Data
kommunikator,autonome systemer,Undirected,Industri og produksjon,Big Data
kommunikator,maritim teknologi,Undirected,Industri og produksjon,Big Data
kommunikator,kundedialog,Undirected,Industri og produksjon,Big Data
kommunikator,digitalisering av prosesser,Undirected,Industri og produksjon,Big Data
kommunikator,kunstig intelligens,Undirected,Industri og produksjon,Big Data
kommunikator,regulatory compliance,Undirected,Industri og produksjon,Big Data
autonome systemer,maritim teknologi,Undirected,Industri og produksjon,Big Data
autonome systemer,kundedialog,Undirected,Industri og produksjon,Big Data
autonome systemer,digitalisering av prosesser,Undirected,Industri og produksjon,Big Data
autonome systemer,kunstig intelligens,Undirected,Industri og produksjon,Big Data
autonome systemer,regulatory compliance,Undirected,Industri og produksjon,Big Data
maritim teknologi,kundedialog,Undirected,Industri og produksjon,Big Data
maritim teknologi,digitalisering av prosesser,Undirected,Industri og produksjon,Big Data
maritim teknologi,kunstig intelligens,Undirected,Industri og produksjon,Big Data
maritim teknologi,regulatory compliance,Undirected,Industri og produksjon,Big Data
kundedialog,digitalisering av prosesser,Undirected,Industri og produksjon,Big Data
kundedialog,kunstig intelligens,Undirected,Industri og produksjon,Big Data
kundedialog,regulatory compliance,Undirected,Industri og produksjon,Big Data
digitalisering av prosesser,kunstig intelligens,Undirected,Industri og produksjon,Big Data
digitalisering av prosesser,regulatory compliance,Undirected,Industri og produksjon,Big Data
kunstig intelligens,regulatory compliance,Undirected,Industri og produksjon,Big Data
betjene og overvåke alarmsystemer,modbus,Undirected,Industri og produksjon,Big Data
betjene og overvåke alarmsystemer,ingeniørarbeid,Undirected,Industri og produksjon,Big Data
betjene og overvåke alarmsystemer,behersker it-/datasystemer,Undirected,Industri og produksjon,Big Data
betjene og overvåke alarmsystemer,sikkerhetsteknikk,Undirected,Industri og produksjon,Big Data
modbus,ingeniørarbeid,Undirected,Industri og produksjon,Big Data
modbus,behersker it-/datasystemer,Undirected,Industri og produksjon,Big Data
modbus,sikkerhetsteknikk,Undirected,Industri og produksjon,Big Data
ingeniørarbeid,behersker it-/datasystemer,Undirected,Industri og produksjon,Big Data
ingeniørarbeid,sikkerhetsteknikk,Undirected,Industri og produksjon,Big Data
behersker it-/datasystemer,sikkerhetsteknikk,Undirected,Industri og produksjon,Big Data
prognoser,key performance indicator (kpi),Undirected,Internettbaserte tjenester,Big Data
prognoser,programvare som tjeneste,Undirected,Internettbaserte tjenester,Big Data
prognoser,erp-systemer,Undirected,Internettbaserte tjenester,Big Data
prognoser,internkontroll,Undirected,Internettbaserte tjenester,Big Data
prognoser,finansiell rapportering,Undirected,Internettbaserte tjenester,Big Data
prognoser,finansiell planlegging og analyse,Undirected,Internettbaserte tjenester,Big Data
prognoser,ifrs 15,Undirected,Internettbaserte tjenester,Big Data
key performance indicator (kpi),programvare som tjeneste,Undirected,Internettbaserte tjenester,Big Data
key performance indicator (kpi),erp-systemer,Undirected,Internettbaserte tjenester,Big Data
key performance indicator (kpi),internkontroll,Undirected,Internettbaserte tjenester,Big Data
key performance indicator (kpi),finansiell rapportering,Undirected,Internettbaserte tjenester,Big Data
key performance indicator (kpi),finansiell planlegging og analyse,Undirected,Internettbaserte tjenester,Big Data
key performance indicator (kpi),ifrs 15,Undirected,Internettbaserte tjenester,Big Data
programvare som tjeneste,erp-systemer,Undirected,Internettbaserte tjenester,Big Data
programvare som tjeneste,internkontroll,Undirected,Internettbaserte tjenester,Big Data
programvare som tjeneste,finansiell rapportering,Undirected,Internettbaserte tjenester,Big Data
programvare som tjeneste,finansiell planlegging og analyse,Undirected,Internettbaserte tjenester,Big Data
programvare som tjeneste,ifrs 15,Undirected,Internettbaserte tjenester,Big Data
erp-systemer,internkontroll,Undirected,Internettbaserte tjenester,Big Data
erp-systemer,finansiell rapportering,Undirected,Internettbaserte tjenester,Big Data
erp-systemer,finansiell planlegging og analyse,Undirected,Internettbaserte tjenester,Big Data
erp-systemer,ifrs 15,Undirected,Internettbaserte tjenester,Big Data
internkontroll,finansiell rapportering,Undirected,Internettbaserte tjenester,Big Data
internkontroll,finansiell planlegging og analyse,Undirected,Internettbaserte tjenester,Big Data
internkontroll,ifrs 15,Undirected,Internettbaserte tjenester,Big Data
finansiell rapportering,finansiell planlegging og analyse,Undirected,Internettbaserte tjenester,Big Data
finansiell rapportering,ifrs 15,Undirected,Internettbaserte tjenester,Big Data
finansiell planlegging og analyse,ifrs 15,Undirected,Internettbaserte tjenester,Big Data
account management,forstå,Undirected,Farmasi og legemiddel,Big Data
account management,utføre dataanalyse,Undirected,Farmasi og legemiddel,Big Data
account management,norsk,Undirected,Farmasi og legemiddel,Big Data
account management,skrive og lese norske tekniske dokumenter,Undirected,Farmasi og legemiddel,Big Data
forstå,utføre dataanalyse,Undirected,Farmasi og legemiddel,Big Data
forstå,norsk,Undirected,Farmasi og legemiddel,Big Data
forstå,skrive og lese norske tekniske dokumenter,Undirected,Farmasi og legemiddel,Big Data
utføre dataanalyse,norsk,Undirected,Farmasi og legemiddel,Big Data
utføre dataanalyse,skrive og lese norske tekniske dokumenter,Undirected,Farmasi og legemiddel,Big Data
norsk,skrive og lese norske tekniske dokumenter,Undirected,Farmasi og legemiddel,Big Data
vue.js,redux state management,Undirected,IT - programvare,Big Data
vue.js,responsiv nettside,Undirected,IT - programvare,Big Data
vue.js,css (cascading style sheets),Undirected,IT - programvare,Big Data
vue.js,typescript,Undirected,IT - programvare,Big Data
redux state management,responsiv nettside,Undirected,IT - programvare,Big Data
redux state management,css (cascading style sheets),Undirected,IT - programvare,Big Data
redux state management,typescript,Undirected,IT - programvare,Big Data
responsiv nettside,css (cascading style sheets),Undirected,IT - programvare,Big Data
responsiv nettside,typescript,Undirected,IT - programvare,Big Data
css (cascading style sheets),typescript,Undirected,IT - programvare,Big Data
distribuert systemarkitektur (ikt),sql,Undirected,IT - programvare,Big Data
distribuert systemarkitektur (ikt),api,Undirected,IT - programvare,Big Data
distribuert systemarkitektur (ikt),go,Undirected,IT - programvare,Big Data
distribuert systemarkitektur (ikt),c# (programmeringsspråk),Undirected,IT - programvare,Big Data
sql,api,Undirected,IT - programvare,Big Data
sql,go,Undirected,IT - programvare,Big Data
sql,c# (programmeringsspråk),Undirected,IT - programvare,Big Data
api,go,Undirected,IT - programvare,Big Data
api,c# (programmeringsspråk),Undirected,IT - programvare,Big Data
go,c# (programmeringsspråk),Undirected,IT - programvare,Big Data
internkontroll,finansiell revisjon,Undirected,Kraft og energi,Big Data
internkontroll,konsolidert finansregnskap,Undirected,Kraft og energi,Big Data
internkontroll,bokføring,Undirected,Kraft og energi,Big Data
internkontroll,regnskap og bokføring,Undirected,Kraft og energi,Big Data
internkontroll,ifrs 1,Undirected,Kraft og energi,Big Data
internkontroll,internprising,Undirected,Kraft og energi,Big Data
finansiell revisjon,konsolidert finansregnskap,Undirected,Kraft og energi,Big Data
finansiell revisjon,bokføring,Undirected,Kraft og energi,Big Data
finansiell revisjon,regnskap og bokføring,Undirected,Kraft og energi,Big Data
finansiell revisjon,ifrs 1,Undirected,Kraft og energi,Big Data
finansiell revisjon,internprising,Undirected,Kraft og energi,Big Data
konsolidert finansregnskap,bokføring,Undirected,Kraft og energi,Big Data
konsolidert finansregnskap,regnskap og bokføring,Undirected,Kraft og energi,Big Data
konsolidert finansregnskap,ifrs 1,Undirected,Kraft og energi,Big Data
konsolidert finansregnskap,internprising,Undirected,Kraft og energi,Big Data
bokføring,regnskap og bokføring,Undirected,Kraft og energi,Big Data
bokføring,ifrs 1,Undirected,Kraft og energi,Big Data
bokføring,internprising,Undirected,Kraft og energi,Big Data
regnskap og bokføring,ifrs 1,Undirected,Kraft og energi,Big Data
regnskap og bokføring,internprising,Undirected,Kraft og energi,Big Data
ifrs 1,internprising,Undirected,Kraft og energi,Big Data
hjelpe til med innhold til sosiale medier,figma,Undirected,Annet,Big Data
hjelpe til med innhold til sosiale medier,bruke verktøy,Undirected,Annet,Big Data
hjelpe til med innhold til sosiale medier,paid social,Undirected,Annet,Big Data
hjelpe til med innhold til sosiale medier,forbedring av produksjonsbetingelser,Undirected,Annet,Big Data
hjelpe til med innhold til sosiale medier,utvikle digitalt innhold,Undirected,Annet,Big Data
hjelpe til med innhold til sosiale medier,content design,Undirected,Annet,Big Data
hjelpe til med innhold til sosiale medier,bannerannonsering,Undirected,Annet,Big Data
figma,bruke verktøy,Undirected,Annet,Big Data
figma,paid social,Undirected,Annet,Big Data
figma,forbedring av produksjonsbetingelser,Undirected,Annet,Big Data
figma,utvikle digitalt innhold,Undirected,Annet,Big Data
figma,content design,Undirected,Annet,Big Data
figma,bannerannonsering,Undirected,Annet,Big Data
bruke verktøy,paid social,Undirected,Annet,Big Data
bruke verktøy,forbedring av produksjonsbetingelser,Undirected,Annet,Big Data
bruke verktøy,utvikle digitalt innhold,Undirected,Annet,Big Data
bruke verktøy,content design,Undirected,Annet,Big Data
bruke verktøy,bannerannonsering,Undirected,Annet,Big Data
paid social,forbedring av produksjonsbetingelser,Undirected,Annet,Big Data
paid social,utvikle digitalt innhold,Undirected,Annet,Big Data
paid social,content design,Undirected,Annet,Big Data
paid social,bannerannonsering,Undirected,Annet,Big Data
forbedring av produksjonsbetingelser,utvikle digitalt innhold,Undirected,Annet,Big Data
forbedring av produksjonsbetingelser,content design,Undirected,Annet,Big Data
forbedring av produksjonsbetingelser,bannerannonsering,Undirected,Annet,Big Data
utvikle digitalt innhold,content design,Undirected,Annet,Big Data
utvikle digitalt innhold,bannerannonsering,Undirected,Annet,Big Data
content design,bannerannonsering,Undirected,Annet,Big Data
css (cascading style sheets),html & css,Undirected,Bank,Big Data
css (cascading style sheets),javascript,Undirected,Bank,Big Data
css (cascading style sheets),typescript,Undirected,Bank,Big Data
css (cascading style sheets),react.js,Undirected,Bank,Big Data
html & css,javascript,Undirected,Bank,Big Data
html & css,typescript,Undirected,Bank,Big Data
html & css,react.js,Undirected,Bank,Big Data
javascript,react.js,Undirected,Bank,Big Data
typescript,react.js,Undirected,Bank,Big Data
account management,opprettholde dataintegritet,Undirected,Transport og logistikk,Big Data
account management,digital commerce,Undirected,Transport og logistikk,Big Data
account management,norsk,Undirected,Transport og logistikk,Big Data
account management,salesforce inc.,Undirected,Transport og logistikk,Big Data
account management,forretningsutvikling,Undirected,Transport og logistikk,Big Data
account management,kontraktshåndtering,Undirected,Transport og logistikk,Big Data
opprettholde dataintegritet,digital commerce,Undirected,Transport og logistikk,Big Data
opprettholde dataintegritet,norsk,Undirected,Transport og logistikk,Big Data
opprettholde dataintegritet,salesforce inc.,Undirected,Transport og logistikk,Big Data
opprettholde dataintegritet,forretningsutvikling,Undirected,Transport og logistikk,Big Data
opprettholde dataintegritet,kontraktshåndtering,Undirected,Transport og logistikk,Big Data
digital commerce,norsk,Undirected,Transport og logistikk,Big Data
digital commerce,salesforce inc.,Undirected,Transport og logistikk,Big Data
digital commerce,forretningsutvikling,Undirected,Transport og logistikk,Big Data
digital commerce,kontraktshåndtering,Undirected,Transport og logistikk,Big Data
norsk,salesforce inc.,Undirected,Transport og logistikk,Big Data
norsk,forretningsutvikling,Undirected,Transport og logistikk,Big Data
norsk,kontraktshåndtering,Undirected,Transport og logistikk,Big Data
salesforce inc.,forretningsutvikling,Undirected,Transport og logistikk,Big Data
salesforce inc.,kontraktshåndtering,Undirected,Transport og logistikk,Big Data
forretningsutvikling,kontraktshåndtering,Undirected,Transport og logistikk,Big Data
informatikk,konsekvensanalyse,Undirected,IT,Big Data
terraform,kjennskap til skyplattformer,Undirected,Internettbaserte tjenester,Big Data
terraform,python (dataprogrammering),Undirected,Internettbaserte tjenester,Big Data
terraform,linux,Undirected,Internettbaserte tjenester,Big Data
terraform,go,Undirected,Internettbaserte tjenester,Big Data
kjennskap til skyplattformer,python (dataprogrammering),Undirected,Internettbaserte tjenester,Big Data
kjennskap til skyplattformer,linux,Undirected,Internettbaserte tjenester,Big Data
kjennskap til skyplattformer,go,Undirected,Internettbaserte tjenester,Big Data
python (dataprogrammering),linux,Undirected,Internettbaserte tjenester,Big Data
python (dataprogrammering),go,Undirected,Internettbaserte tjenester,Big Data
linux,go,Undirected,Internettbaserte tjenester,Big Data
api,database,Undirected,Bygg og anlegg,Data og ai
api,automatisering,Undirected,Bygg og anlegg,Data og ai
api,internet of things,Undirected,Bygg og anlegg,Data og ai
api,mqtt,Undirected,Bygg og anlegg,Data og ai
api,analysere data,Undirected,Bygg og anlegg,Data og ai
database,automatisering,Undirected,Bygg og anlegg,Data og ai
database,internet of things,Undirected,Bygg og anlegg,Data og ai
database,mqtt,Undirected,Bygg og anlegg,Data og ai
database,analysere data,Undirected,Bygg og anlegg,Data og ai
automatisering,internet of things,Undirected,Bygg og anlegg,Data og ai
automatisering,mqtt,Undirected,Bygg og anlegg,Data og ai
automatisering,analysere data,Undirected,Bygg og anlegg,Data og ai
internet of things,mqtt,Undirected,Bygg og anlegg,Data og ai
internet of things,analysere data,Undirected,Bygg og anlegg,Data og ai
mqtt,analysere data,Undirected,Bygg og anlegg,Data og ai
general data protection regulation (gdpr),risikovurdering,Undirected,IT,Data og ai
general data protection regulation (gdpr),kunstig intelligens,Undirected,IT,Data og ai
general data protection regulation (gdpr),informatikk,Undirected,IT,Data og ai
general data protection regulation (gdpr),store språkmodeller,Undirected,IT,Data og ai
risikovurdering,kunstig intelligens,Undirected,IT,Data og ai
risikovurdering,informatikk,Undirected,IT,Data og ai
risikovurdering,store språkmodeller,Undirected,IT,Data og ai
kunstig intelligens,informatikk,Undirected,IT,Data og ai
kunstig intelligens,store språkmodeller,Undirected,IT,Data og ai
informatikk,store språkmodeller,Undirected,IT,Data og ai
b2b - erfaring,salgsprosess,Undirected,Annet,Data og ai
b2b - erfaring,kundeportefølje,Undirected,Annet,Data og ai
salgsprosess,kundeportefølje,Undirected,Annet,Data og ai
administrere data,servicenow,Undirected,IT,Data og ai
administrere data,digitalisering,Undirected,IT,Data og ai
administrere data,kvalitetssikring,Undirected,IT,Data og ai
administrere data,database,Undirected,IT,Data og ai
administrere data,automatisering,Undirected,IT,Data og ai
administrere data,kunstig intelligens,Undirected,IT,Data og ai
administrere data,javascript,Undirected,IT,Data og ai
servicenow,digitalisering,Undirected,IT,Data og ai
servicenow,kvalitetssikring,Undirected,IT,Data og ai
servicenow,database,Undirected,IT,Data og ai
servicenow,automatisering,Undirected,IT,Data og ai
servicenow,kunstig intelligens,Undirected,IT,Data og ai
servicenow,javascript,Undirected,IT,Data og ai
digitalisering,kvalitetssikring,Undirected,IT,Data og ai
digitalisering,database,Undirected,IT,Data og ai
digitalisering,automatisering,Undirected,IT,Data og ai
digitalisering,kunstig intelligens,Undirected,IT,Data og ai
digitalisering,javascript,Undirected,IT,Data og ai
kvalitetssikring,database,Undirected,IT,Data og ai
kvalitetssikring,automatisering,Undirected,IT,Data og ai
kvalitetssikring,kunstig intelligens,Undirected,IT,Data og ai
kvalitetssikring,javascript,Undirected,IT,Data og ai
database,automatisering,Undirected,IT,Data og ai
database,kunstig intelligens,Undirected,IT,Data og ai
database,javascript,Undirected,IT,Data og ai
automatisering,kunstig intelligens,Undirected,IT,Data og ai
automatisering,javascript,Undirected,IT,Data og ai
kunstig intelligens,javascript,Undirected,IT,Data og ai
nettskyteknologier,kjennskap til skyplattformer,Undirected,IT - programvare,Data og ai
nettskyteknologier,teknisk ledelse,Undirected,IT - programvare,Data og ai
nettskyteknologier,produktutvikling,Undirected,IT - programvare,Data og ai
nettskyteknologier,industriell økonomi,Undirected,IT - programvare,Data og ai
nettskyteknologier,kunstig intelligens,Undirected,IT - programvare,Data og ai
nettskyteknologier,moderne software-utvikling,Undirected,IT - programvare,Data og ai
kjennskap til skyplattformer,teknisk ledelse,Undirected,IT - programvare,Data og ai
kjennskap til skyplattformer,produktutvikling,Undirected,IT - programvare,Data og ai
kjennskap til skyplattformer,industriell økonomi,Undirected,IT - programvare,Data og ai
kjennskap til skyplattformer,kunstig intelligens,Undirected,IT - programvare,Data og ai
kjennskap til skyplattformer,moderne software-utvikling,Undirected,IT - programvare,Data og ai
teknisk ledelse,produktutvikling,Undirected,IT - programvare,Data og ai
teknisk ledelse,industriell økonomi,Undirected,IT - programvare,Data og ai
teknisk ledelse,kunstig intelligens,Undirected,IT - programvare,Data og ai
teknisk ledelse,moderne software-utvikling,Undirected,IT - programvare,Data og ai
produktutvikling,industriell økonomi,Undirected,IT - programvare,Data og ai
produktutvikling,kunstig intelligens,Undirected,IT - programvare,Data og ai
produktutvikling,moderne software-utvikling,Undirected,IT - programvare,Data og ai
industriell økonomi,kunstig intelligens,Undirected,IT - programvare,Data og ai
industriell økonomi,moderne software-utvikling,Undirected,IT - programvare,Data og ai
kunstig intelligens,moderne software-utvikling,Undirected,IT - programvare,Data og ai
markedsanalyse,dataanalyseverktøy,Undirected,Internettbaserte tjenester,Data og ai
markedsanalyse,prisanalyse,Undirected,Internettbaserte tjenester,Data og ai
markedsanalyse,angi prisstrategier,Undirected,Internettbaserte tjenester,Data og ai
markedsanalyse,markedsundersøkelser,Undirected,Internettbaserte tjenester,Data og ai
markedsanalyse,prissettingsstrategier,Undirected,Internettbaserte tjenester,Data og ai
markedsanalyse,modellering (økonomi),Undirected,Internettbaserte tjenester,Data og ai
markedsanalyse,analysere data,Undirected,Internettbaserte tjenester,Data og ai
dataanalyseverktøy,prisanalyse,Undirected,Internettbaserte tjenester,Data og ai
dataanalyseverktøy,angi prisstrategier,Undirected,Internettbaserte tjenester,Data og ai
dataanalyseverktøy,markedsundersøkelser,Undirected,Internettbaserte tjenester,Data og ai
dataanalyseverktøy,prissettingsstrategier,Undirected,Internettbaserte tjenester,Data og ai
dataanalyseverktøy,modellering (økonomi),Undirected,Internettbaserte tjenester,Data og ai
dataanalyseverktøy,analysere data,Undirected,Internettbaserte tjenester,Data og ai
prisanalyse,angi prisstrategier,Undirected,Internettbaserte tjenester,Data og ai
prisanalyse,markedsundersøkelser,Undirected,Internettbaserte tjenester,Data og ai
prisanalyse,prissettingsstrategier,Undirected,Internettbaserte tjenester,Data og ai
prisanalyse,modellering (økonomi),Undirected,Internettbaserte tjenester,Data og ai
prisanalyse,analysere data,Undirected,Internettbaserte tjenester,Data og ai
angi prisstrategier,markedsundersøkelser,Undirected,Internettbaserte tjenester,Data og ai
angi prisstrategier,prissettingsstrategier,Undirected,Internettbaserte tjenester,Data og ai
angi prisstrategier,modellering (økonomi),Undirected,Internettbaserte tjenester,Data og ai
angi prisstrategier,analysere data,Undirected,Internettbaserte tjenester,Data og ai
markedsundersøkelser,prissettingsstrategier,Undirected,Internettbaserte tjenester,Data og ai
markedsundersøkelser,modellering (økonomi),Undirected,Internettbaserte tjenester,Data og ai
markedsundersøkelser,analysere data,Undirected,Internettbaserte tjenester,Data og ai
prissettingsstrategier,modellering (økonomi),Undirected,Internettbaserte tjenester,Data og ai
prissettingsstrategier,analysere data,Undirected,Internettbaserte tjenester,Data og ai
modellering (økonomi),analysere data,Undirected,Internettbaserte tjenester,Data og ai
customer relationship management (crm),analyser av nøkkeltall,Undirected,Butikk og varehandel,Data og ai
customer relationship management (crm),bruke verktøy,Undirected,Butikk og varehandel,Data og ai
customer relationship management (crm),digital commerce,Undirected,Butikk og varehandel,Data og ai
customer relationship management (crm),automatisering,Undirected,Butikk og varehandel,Data og ai
customer relationship management (crm),analysere data,Undirected,Butikk og varehandel,Data og ai
customer relationship management (crm),optimalisere salg,Undirected,Butikk og varehandel,Data og ai
analyser av nøkkeltall,bruke verktøy,Undirected,Butikk og varehandel,Data og ai
analyser av nøkkeltall,digital commerce,Undirected,Butikk og varehandel,Data og ai
analyser av nøkkeltall,automatisering,Undirected,Butikk og varehandel,Data og ai
analyser av nøkkeltall,analysere data,Undirected,Butikk og varehandel,Data og ai
analyser av nøkkeltall,optimalisere salg,Undirected,Butikk og varehandel,Data og ai
bruke verktøy,digital commerce,Undirected,Butikk og varehandel,Data og ai
bruke verktøy,automatisering,Undirected,Butikk og varehandel,Data og ai
bruke verktøy,analysere data,Undirected,Butikk og varehandel,Data og ai
bruke verktøy,optimalisere salg,Undirected,Butikk og varehandel,Data og ai
digital commerce,automatisering,Undirected,Butikk og varehandel,Data og ai
digital commerce,analysere data,Undirected,Butikk og varehandel,Data og ai
digital commerce,optimalisere salg,Undirected,Butikk og varehandel,Data og ai
automatisering,analysere data,Undirected,Butikk og varehandel,Data og ai
automatisering,optimalisere salg,Undirected,Butikk og varehandel,Data og ai
analysere data,optimalisere salg,Undirected,Butikk og varehandel,Data og ai
nettverksinfrastruktur,design computer network,Undirected,Industri og produksjon,Data og ai
nettverksinfrastruktur,sop,Undirected,Industri og produksjon,Data og ai
nettverksinfrastruktur,wide area network (wan),Undirected,Industri og produksjon,Data og ai
nettverksinfrastruktur,intranett,Undirected,Industri og produksjon,Data og ai
nettverksinfrastruktur,installasjon,Undirected,Industri og produksjon,Data og ai
design computer network,sop,Undirected,Industri og produksjon,Data og ai
design computer network,wide area network (wan),Undirected,Industri og produksjon,Data og ai
design computer network,intranett,Undirected,Industri og produksjon,Data og ai
design computer network,installasjon,Undirected,Industri og produksjon,Data og ai
sop,wide area network (wan),Undirected,Industri og produksjon,Data og ai
sop,intranett,Undirected,Industri og produksjon,Data og ai
sop,installasjon,Undirected,Industri og produksjon,Data og ai
wide area network (wan),intranett,Undirected,Industri og produksjon,Data og ai
wide area network (wan),installasjon,Undirected,Industri og produksjon,Data og ai
intranett,installasjon,Undirected,Industri og produksjon,Data og ai
lavspenning,dokumentasjon,Undirected,Industri og produksjon,Data og ai
lavspenning,montering av elektriske systemer,Undirected,Industri og produksjon,Data og ai
lavspenning,igangkjøring,Undirected,Industri og produksjon,Data og ai
lavspenning,aktiv oppfølging,Undirected,Industri og produksjon,Data og ai
lavspenning,høyspenning,Undirected,Industri og produksjon,Data og ai
dokumentasjon,montering av elektriske systemer,Undirected,Industri og produksjon,Data og ai
dokumentasjon,igangkjøring,Undirected,Industri og produksjon,Data og ai
dokumentasjon,aktiv oppfølging,Undirected,Industri og produksjon,Data og ai
dokumentasjon,høyspenning,Undirected,Industri og produksjon,Data og ai
montering av elektriske systemer,igangkjøring,Undirected,Industri og produksjon,Data og ai
montering av elektriske systemer,aktiv oppfølging,Undirected,Industri og produksjon,Data og ai
montering av elektriske systemer,høyspenning,Undirected,Industri og produksjon,Data og ai
igangkjøring,aktiv oppfølging,Undirected,Industri og produksjon,Data og ai
igangkjøring,høyspenning,Undirected,Industri og produksjon,Data og ai
aktiv oppfølging,høyspenning,Undirected,Industri og produksjon,Data og ai
økonomisk administrasjon,document management systems (dms),Undirected,Industri og produksjon,Data og ai
økonomisk administrasjon,prosjekteringsledelse,Undirected,Industri og produksjon,Data og ai
økonomisk administrasjon,byggeledelse,Undirected,Industri og produksjon,Data og ai
økonomisk administrasjon,ingeniørarbeid,Undirected,Industri og produksjon,Data og ai
økonomisk administrasjon,transformatorkunnskap,Undirected,Industri og produksjon,Data og ai
økonomisk administrasjon,erfaring fra store byggeprosjekter,Undirected,Industri og produksjon,Data og ai
økonomisk administrasjon,nordisk spåk,Undirected,Industri og produksjon,Data og ai
document management systems (dms),prosjekteringsledelse,Undirected,Industri og produksjon,Data og ai
document management systems (dms),byggeledelse,Undirected,Industri og produksjon,Data og ai
document management systems (dms),ingeniørarbeid,Undirected,Industri og produksjon,Data og ai
document management systems (dms),transformatorkunnskap,Undirected,Industri og produksjon,Data og ai
document management systems (dms),erfaring fra store byggeprosjekter,Undirected,Industri og produksjon,Data og ai
document management systems (dms),nordisk spåk,Undirected,Industri og produksjon,Data og ai
prosjekteringsledelse,byggeledelse,Undirected,Industri og produksjon,Data og ai
prosjekteringsledelse,ingeniørarbeid,Undirected,Industri og produksjon,Data og ai
prosjekteringsledelse,transformatorkunnskap,Undirected,Industri og produksjon,Data og ai
prosjekteringsledelse,erfaring fra store byggeprosjekter,Undirected,Industri og produksjon,Data og ai
prosjekteringsledelse,nordisk spåk,Undirected,Industri og produksjon,Data og ai
byggeledelse,ingeniørarbeid,Undirected,Industri og produksjon,Data og ai
byggeledelse,transformatorkunnskap,Undirected,Industri og produksjon,Data og ai
byggeledelse,erfaring fra store byggeprosjekter,Undirected,Industri og produksjon,Data og ai
byggeledelse,nordisk spåk,Undirected,Industri og produksjon,Data og ai
ingeniørarbeid,transformatorkunnskap,Undirected,Industri og produksjon,Data og ai
ingeniørarbeid,erfaring fra store byggeprosjekter,Undirected,Industri og produksjon,Data og ai
ingeniørarbeid,nordisk spåk,Undirected,Industri og produksjon,Data og ai
transformatorkunnskap,erfaring fra store byggeprosjekter,Undirected,Industri og produksjon,Data og ai
transformatorkunnskap,nordisk spåk,Undirected,Industri og produksjon,Data og ai
erfaring fra store byggeprosjekter,nordisk spåk,Undirected,Industri og produksjon,Data og ai
digitale ferdigheter,utvikling av digitale verktøy,Undirected,Bank,Data og ai
digitale ferdigheter,bruke verktøy,Undirected,Bank,Data og ai
digitale ferdigheter,saksbehandle søknader,Undirected,Bank,Data og ai
digitale ferdigheter,følge opp kundefordringer,Undirected,Bank,Data og ai
utvikling av digitale verktøy,bruke verktøy,Undirected,Bank,Data og ai
utvikling av digitale verktøy,saksbehandle søknader,Undirected,Bank,Data og ai
utvikling av digitale verktøy,følge opp kundefordringer,Undirected,Bank,Data og ai
bruke verktøy,saksbehandle søknader,Undirected,Bank,Data og ai
bruke verktøy,følge opp kundefordringer,Undirected,Bank,Data og ai
saksbehandle søknader,følge opp kundefordringer,Undirected,Bank,Data og ai
kunnskap om produktledelse,kjennskap til skyplattformer,Undirected,IT,Data og ai
kunnskap om produktledelse,bruker-orientert design,Undirected,IT,Data og ai
kunnskap om produktledelse,prince2,Undirected,IT,Data og ai
kunnskap om produktledelse,kunnskap om relevante lover og forskrifter,Undirected,IT,Data og ai
kunnskap om produktledelse,agile frameworks,Undirected,IT,Data og ai
kunnskap om produktledelse,produktkø (product backlog),Undirected,IT,Data og ai
kjennskap til skyplattformer,bruker-orientert design,Undirected,IT,Data og ai
kjennskap til skyplattformer,prince2,Undirected,IT,Data og ai
kjennskap til skyplattformer,kunnskap om relevante lover og forskrifter,Undirected,IT,Data og ai
kjennskap til skyplattformer,agile frameworks,Undirected,IT,Data og ai
kjennskap til skyplattformer,produktkø (product backlog),Undirected,IT,Data og ai
bruker-orientert design,prince2,Undirected,IT,Data og ai
bruker-orientert design,kunnskap om relevante lover og forskrifter,Undirected,IT,Data og ai
bruker-orientert design,agile frameworks,Undirected,IT,Data og ai
bruker-orientert design,produktkø (product backlog),Undirected,IT,Data og ai
prince2,kunnskap om relevante lover og forskrifter,Undirected,IT,Data og ai
prince2,agile frameworks,Undirected,IT,Data og ai
prince2,produktkø (product backlog),Undirected,IT,Data og ai
kunnskap om relevante lover og forskrifter,agile frameworks,Undirected,IT,Data og ai
kunnskap om relevante lover og forskrifter,produktkø (product backlog),Undirected,IT,Data og ai
agile frameworks,produktkø (product backlog),Undirected,IT,Data og ai
data modeling,kjennskap til skyplattformer,Undirected,Medie- og innholdsproduksjon,Data og ai
data modeling,orkestrere musikk,Undirected,Medie- og innholdsproduksjon,Data og ai
data modeling,ci/cd (continuous integration and continuous delivery),Undirected,Medie- og innholdsproduksjon,Data og ai
data modeling,containere eller containerplattformer,Undirected,Medie- og innholdsproduksjon,Data og ai
data modeling,automatisering,Undirected,Medie- og innholdsproduksjon,Data og ai
data modeling,kunstig intelligens,Undirected,Medie- og innholdsproduksjon,Data og ai
data modeling,dataarkitektur,Undirected,Medie- og innholdsproduksjon,Data og ai
kjennskap til skyplattformer,orkestrere musikk,Undirected,Medie- og innholdsproduksjon,Data og ai
kjennskap til skyplattformer,ci/cd (continuous integration and continuous delivery),Undirected,Medie- og innholdsproduksjon,Data og ai
kjennskap til skyplattformer,containere eller containerplattformer,Undirected,Medie- og innholdsproduksjon,Data og ai
kjennskap til skyplattformer,automatisering,Undirected,Medie- og innholdsproduksjon,Data og ai
kjennskap til skyplattformer,kunstig intelligens,Undirected,Medie- og innholdsproduksjon,Data og ai
kjennskap til skyplattformer,dataarkitektur,Undirected,Medie- og innholdsproduksjon,Data og ai
orkestrere musikk,ci/cd (continuous integration and continuous delivery),Undirected,Medie- og innholdsproduksjon,Data og ai
orkestrere musikk,containere eller containerplattformer,Undirected,Medie- og innholdsproduksjon,Data og ai
orkestrere musikk,automatisering,Undirected,Medie- og innholdsproduksjon,Data og ai
orkestrere musikk,kunstig intelligens,Undirected,Medie- og innholdsproduksjon,Data og ai
orkestrere musikk,dataarkitektur,Undirected,Medie- og innholdsproduksjon,Data og ai
ci/cd (continuous integration and continuous delivery),containere eller containerplattformer,Undirected,Medie- og innholdsproduksjon,Data og ai
ci/cd (continuous integration and continuous delivery),automatisering,Undirected,Medie- og innholdsproduksjon,Data og ai
ci/cd (continuous integration and continuous delivery),kunstig intelligens,Undirected,Medie- og innholdsproduksjon,Data og ai
ci/cd (continuous integration and continuous delivery),dataarkitektur,Undirected,Medie- og innholdsproduksjon,Data og ai
containere eller containerplattformer,automatisering,Undirected,Medie- og innholdsproduksjon,Data og ai
containere eller containerplattformer,kunstig intelligens,Undirected,Medie- og innholdsproduksjon,Data og ai
containere eller containerplattformer,dataarkitektur,Undirected,Medie- og innholdsproduksjon,Data og ai
automatisering,kunstig intelligens,Undirected,Medie- og innholdsproduksjon,Data og ai
automatisering,dataarkitektur,Undirected,Medie- og innholdsproduksjon,Data og ai
kunstig intelligens,dataarkitektur,Undirected,Medie- og innholdsproduksjon,Data og ai
digitale ferdigheter,kontraktsrett,Undirected,Juridiske tjenester,Data og ai
digitale ferdigheter,analysere kontrakter,Undirected,Juridiske tjenester,Data og ai
digitale ferdigheter,juridisk forskning,Undirected,Juridiske tjenester,Data og ai
digitale ferdigheter,automatisering,Undirected,Juridiske tjenester,Data og ai
digitale ferdigheter,utarbeide kontrakt,Undirected,Juridiske tjenester,Data og ai
kontraktsrett,analysere kontrakter,Undirected,Juridiske tjenester,Data og ai
kontraktsrett,juridisk forskning,Undirected,Juridiske tjenester,Data og ai
kontraktsrett,automatisering,Undirected,Juridiske tjenester,Data og ai
kontraktsrett,utarbeide kontrakt,Undirected,Juridiske tjenester,Data og ai
analysere kontrakter,juridisk forskning,Undirected,Juridiske tjenester,Data og ai
analysere kontrakter,automatisering,Undirected,Juridiske tjenester,Data og ai
analysere kontrakter,utarbeide kontrakt,Undirected,Juridiske tjenester,Data og ai
juridisk forskning,automatisering,Undirected,Juridiske tjenester,Data og ai
juridisk forskning,utarbeide kontrakt,Undirected,Juridiske tjenester,Data og ai
automatisering,utarbeide kontrakt,Undirected,Juridiske tjenester,Data og ai
salesforce marketing cloud,søkemotoroptimalisering,Undirected,Markedsføring og annonsering,Data og ai
salesforce marketing cloud,arbeid med nyhetsbrev,Undirected,Markedsføring og annonsering,Data og ai
salesforce marketing cloud,segmentere,Undirected,Markedsføring og annonsering,Data og ai
salesforce marketing cloud,google analytics,Undirected,Markedsføring og annonsering,Data og ai
salesforce marketing cloud,datadrevet markedsføring,Undirected,Markedsføring og annonsering,Data og ai
salesforce marketing cloud,search engine marketing (sem),Undirected,Markedsføring og annonsering,Data og ai
salesforce marketing cloud,social media,Undirected,Markedsføring og annonsering,Data og ai
søkemotoroptimalisering,arbeid med nyhetsbrev,Undirected,Markedsføring og annonsering,Data og ai
søkemotoroptimalisering,segmentere,Undirected,Markedsføring og annonsering,Data og ai
søkemotoroptimalisering,google analytics,Undirected,Markedsføring og annonsering,Data og ai
søkemotoroptimalisering,datadrevet markedsføring,Undirected,Markedsføring og annonsering,Data og ai
søkemotoroptimalisering,search engine marketing (sem),Undirected,Markedsføring og annonsering,Data og ai
søkemotoroptimalisering,social media,Undirected,Markedsføring og annonsering,Data og ai
arbeid med nyhetsbrev,segmentere,Undirected,Markedsføring og annonsering,Data og ai
arbeid med nyhetsbrev,google analytics,Undirected,Markedsføring og annonsering,Data og ai
arbeid med nyhetsbrev,datadrevet markedsføring,Undirected,Markedsføring og annonsering,Data og ai
arbeid med nyhetsbrev,search engine marketing (sem),Undirected,Markedsføring og annonsering,Data og ai
arbeid med nyhetsbrev,social media,Undirected,Markedsføring og annonsering,Data og ai
segmentere,google analytics,Undirected,Markedsføring og annonsering,Data og ai
segmentere,datadrevet markedsføring,Undirected,Markedsføring og annonsering,Data og ai
segmentere,search engine marketing (sem),Undirected,Markedsføring og annonsering,Data og ai
segmentere,social media,Undirected,Markedsføring og annonsering,Data og ai
google analytics,datadrevet markedsføring,Undirected,Markedsføring og annonsering,Data og ai
google analytics,search engine marketing (sem),Undirected,Markedsføring og annonsering,Data og ai
google analytics,social media,Undirected,Markedsføring og annonsering,Data og ai
datadrevet markedsføring,search engine marketing (sem),Undirected,Markedsføring og annonsering,Data og ai
datadrevet markedsføring,social media,Undirected,Markedsføring og annonsering,Data og ai
search engine marketing (sem),social media,Undirected,Markedsføring og annonsering,Data og ai
adgangskontroll,kjennskap til skyplattformer,Undirected,IT,Data og ai
adgangskontroll,felling,Undirected,IT,Data og ai
adgangskontroll,dataintegrasjonsprosesser,Undirected,IT,Data og ai
adgangskontroll,kvalitetssikring,Undirected,IT,Data og ai
adgangskontroll,kunstig intelligens,Undirected,IT,Data og ai
adgangskontroll,ict architecture,Undirected,IT,Data og ai
adgangskontroll,bedriftsrådgivning,Undirected,IT,Data og ai
kjennskap til skyplattformer,felling,Undirected,IT,Data og ai
kjennskap til skyplattformer,dataintegrasjonsprosesser,Undirected,IT,Data og ai
kjennskap til skyplattformer,kvalitetssikring,Undirected,IT,Data og ai
kjennskap til skyplattformer,kunstig intelligens,Undirected,IT,Data og ai
kjennskap til skyplattformer,ict architecture,Undirected,IT,Data og ai
kjennskap til skyplattformer,bedriftsrådgivning,Undirected,IT,Data og ai
felling,dataintegrasjonsprosesser,Undirected,IT,Data og ai
felling,kvalitetssikring,Undirected,IT,Data og ai
felling,kunstig intelligens,Undirected,IT,Data og ai
felling,ict architecture,Undirected,IT,Data og ai
felling,bedriftsrådgivning,Undirected,IT,Data og ai
dataintegrasjonsprosesser,kvalitetssikring,Undirected,IT,Data og ai
dataintegrasjonsprosesser,kunstig intelligens,Undirected,IT,Data og ai
dataintegrasjonsprosesser,ict architecture,Undirected,IT,Data og ai
dataintegrasjonsprosesser,bedriftsrådgivning,Undirected,IT,Data og ai
kvalitetssikring,ict architecture,Undirected,IT,Data og ai
kvalitetssikring,bedriftsrådgivning,Undirected,IT,Data og ai
kunstig intelligens,ict architecture,Undirected,IT,Data og ai
kunstig intelligens,bedriftsrådgivning,Undirected,IT,Data og ai
ict architecture,bedriftsrådgivning,Undirected,IT,Data og ai
brukeropplevelsesundersøkelse,prototype,Undirected,HR,Data og ai
brukeropplevelsesundersøkelse,brukbarhetstesting,Undirected,HR,Data og ai
brukeropplevelsesundersøkelse,kartlegge,Undirected,HR,Data og ai
prototype,brukbarhetstesting,Undirected,HR,Data og ai
prototype,kartlegge,Undirected,HR,Data og ai
brukbarhetstesting,kartlegge,Undirected,HR,Data og ai
prognoser,standardisere prosesser,Undirected,Butikk og varehandel,Data og ai
prognoser,kassesystem,Undirected,Butikk og varehandel,Data og ai
prognoser,forsyningskjedestyring,Undirected,Butikk og varehandel,Data og ai
prognoser,kontinuerlig forbedringsarbeid,Undirected,Butikk og varehandel,Data og ai
prognoser,etterfylling,Undirected,Butikk og varehandel,Data og ai
prognoser,bpm,Undirected,Butikk og varehandel,Data og ai
prognoser,bedriftsøkonomi,Undirected,Butikk og varehandel,Data og ai
standardisere prosesser,kassesystem,Undirected,Butikk og varehandel,Data og ai
standardisere prosesser,forsyningskjedestyring,Undirected,Butikk og varehandel,Data og ai
standardisere prosesser,kontinuerlig forbedringsarbeid,Undirected,Butikk og varehandel,Data og ai
standardisere prosesser,etterfylling,Undirected,Butikk og varehandel,Data og ai
standardisere prosesser,bpm,Undirected,Butikk og varehandel,Data og ai
standardisere prosesser,bedriftsøkonomi,Undirected,Butikk og varehandel,Data og ai
kassesystem,forsyningskjedestyring,Undirected,Butikk og varehandel,Data og ai
kassesystem,kontinuerlig forbedringsarbeid,Undirected,Butikk og varehandel,Data og ai
kassesystem,etterfylling,Undirected,Butikk og varehandel,Data og ai
kassesystem,bpm,Undirected,Butikk og varehandel,Data og ai
kassesystem,bedriftsøkonomi,Undirected,Butikk og varehandel,Data og ai
forsyningskjedestyring,kontinuerlig forbedringsarbeid,Undirected,Butikk og varehandel,Data og ai
forsyningskjedestyring,etterfylling,Undirected,Butikk og varehandel,Data og ai
forsyningskjedestyring,bpm,Undirected,Butikk og varehandel,Data og ai
forsyningskjedestyring,bedriftsøkonomi,Undirected,Butikk og varehandel,Data og ai
kontinuerlig forbedringsarbeid,etterfylling,Undirected,Butikk og varehandel,Data og ai
kontinuerlig forbedringsarbeid,bpm,Undirected,Butikk og varehandel,Data og ai
kontinuerlig forbedringsarbeid,bedriftsøkonomi,Undirected,Butikk og varehandel,Data og ai
etterfylling,bpm,Undirected,Butikk og varehandel,Data og ai
etterfylling,bedriftsøkonomi,Undirected,Butikk og varehandel,Data og ai
bpm,bedriftsøkonomi,Undirected,Butikk og varehandel,Data og ai
kunstig intelligens,social media,Undirected,Internettbaserte tjenester,Data og ai
kunstig intelligens,produsere innhold,Undirected,Internettbaserte tjenester,Data og ai
kunstig intelligens,optimalisering av konvertering,Undirected,Internettbaserte tjenester,Data og ai
social media,produsere innhold,Undirected,Internettbaserte tjenester,Data og ai
social media,optimalisering av konvertering,Undirected,Internettbaserte tjenester,Data og ai
produsere innhold,optimalisering av konvertering,Undirected,Internettbaserte tjenester,Data og ai
figma,canva (software),Undirected,Konsulent og rådgivning,Data og ai
figma,produsere innhold,Undirected,Konsulent og rådgivning,Data og ai
figma,kvalitetssikring,Undirected,Konsulent og rådgivning,Data og ai
figma,adobe (software),Undirected,Konsulent og rådgivning,Data og ai
figma,adobe after effects,Undirected,Konsulent og rådgivning,Data og ai
figma,markedsføringskanal,Undirected,Konsulent og rådgivning,Data og ai
figma,typografi,Undirected,Konsulent og rådgivning,Data og ai
canva (software),produsere innhold,Undirected,Konsulent og rådgivning,Data og ai
canva (software),kvalitetssikring,Undirected,Konsulent og rådgivning,Data og ai
canva (software),adobe (software),Undirected,Konsulent og rådgivning,Data og ai
canva (software),adobe after effects,Undirected,Konsulent og rådgivning,Data og ai
canva (software),markedsføringskanal,Undirected,Konsulent og rådgivning,Data og ai
canva (software),typografi,Undirected,Konsulent og rådgivning,Data og ai
produsere innhold,kvalitetssikring,Undirected,Konsulent og rådgivning,Data og ai
produsere innhold,adobe (software),Undirected,Konsulent og rådgivning,Data og ai
produsere innhold,adobe after effects,Undirected,Konsulent og rådgivning,Data og ai
produsere innhold,markedsføringskanal,Undirected,Konsulent og rådgivning,Data og ai
produsere innhold,typografi,Undirected,Konsulent og rådgivning,Data og ai
kvalitetssikring,adobe (software),Undirected,Konsulent og rådgivning,Data og ai
kvalitetssikring,adobe after effects,Undirected,Konsulent og rådgivning,Data og ai
kvalitetssikring,markedsføringskanal,Undirected,Konsulent og rådgivning,Data og ai
kvalitetssikring,typografi,Undirected,Konsulent og rådgivning,Data og ai
adobe (software),adobe after effects,Undirected,Konsulent og rådgivning,Data og ai
adobe (software),markedsføringskanal,Undirected,Konsulent og rådgivning,Data og ai
adobe (software),typografi,Undirected,Konsulent og rådgivning,Data og ai
adobe after effects,markedsføringskanal,Undirected,Konsulent og rådgivning,Data og ai
adobe after effects,typografi,Undirected,Konsulent og rådgivning,Data og ai
markedsføringskanal,typografi,Undirected,Konsulent og rådgivning,Data og ai
optimalisering av kostnader,due diligence analyse,Undirected,Internettbaserte tjenester,Data og ai
optimalisering av kostnader,risikoanalyse,Undirected,Internettbaserte tjenester,Data og ai
optimalisering av kostnader,sikkerhetsadministrasjon,Undirected,Internettbaserte tjenester,Data og ai
optimalisering av kostnader,kunstig intelligens,Undirected,Internettbaserte tjenester,Data og ai
optimalisering av kostnader,analysere data,Undirected,Internettbaserte tjenester,Data og ai
due diligence analyse,risikoanalyse,Undirected,Internettbaserte tjenester,Data og ai
due diligence analyse,sikkerhetsadministrasjon,Undirected,Internettbaserte tjenester,Data og ai
due diligence analyse,kunstig intelligens,Undirected,Internettbaserte tjenester,Data og ai
due diligence analyse,analysere data,Undirected,Internettbaserte tjenester,Data og ai
risikoanalyse,sikkerhetsadministrasjon,Undirected,Internettbaserte tjenester,Data og ai
risikoanalyse,kunstig intelligens,Undirected,Internettbaserte tjenester,Data og ai
risikoanalyse,analysere data,Undirected,Internettbaserte tjenester,Data og ai
sikkerhetsadministrasjon,kunstig intelligens,Undirected,Internettbaserte tjenester,Data og ai
sikkerhetsadministrasjon,analysere data,Undirected,Internettbaserte tjenester,Data og ai
kunstig intelligens,analysere data,Undirected,Internettbaserte tjenester,Data og ai
python (dataprogrammering),visual basic,Undirected,IT,Data og ai
python (dataprogrammering),abap (programming language),Undirected,IT,Data og ai
python (dataprogrammering),sap (systems,Undirected,IT,Data og ai
python (dataprogrammering),applications and products for data processing),Undirected,IT,Data og ai
python (dataprogrammering),c# (programmeringsspråk),Undirected,IT,Data og ai
python (dataprogrammering),java (programmeringsspråk),Undirected,IT,Data og ai
python (dataprogrammering),edifact,Undirected,IT,Data og ai
visual basic,abap (programming language),Undirected,IT,Data og ai
visual basic,sql,Undirected,IT,Data og ai
visual basic,sap (systems,Undirected,IT,Data og ai
visual basic,applications and products for data processing),Undirected,IT,Data og ai
visual basic,c# (programmeringsspråk),Undirected,IT,Data og ai
visual basic,java (programmeringsspråk),Undirected,IT,Data og ai
visual basic,edifact,Undirected,IT,Data og ai
abap (programming language),sql,Undirected,IT,Data og ai
abap (programming language),sap (systems,Undirected,IT,Data og ai
abap (programming language),applications and products for data processing),Undirected,IT,Data og ai
abap (programming language),c# (programmeringsspråk),Undirected,IT,Data og ai
abap (programming language),java (programmeringsspråk),Undirected,IT,Data og ai
abap (programming language),edifact,Undirected,IT,Data og ai
sql,sap (systems,Undirected,IT,Data og ai
sql,applications and products for data processing),Undirected,IT,Data og ai
sql,c# (programmeringsspråk),Undirected,IT,Data og ai
sql,java (programmeringsspråk),Undirected,IT,Data og ai
sql,edifact,Undirected,IT,Data og ai
sap (systems,applications and products for data processing),Undirected,IT,Data og ai
sap (systems,c# (programmeringsspråk),Undirected,IT,Data og ai
sap (systems,java (programmeringsspråk),Undirected,IT,Data og ai
sap (systems,edifact,Undirected,IT,Data og ai
applications and products for data processing),c# (programmeringsspråk),Undirected,IT,Data og ai
applications and products for data processing),java (programmeringsspråk),Undirected,IT,Data og ai
applications and products for data processing),edifact,Undirected,IT,Data og ai
c# (programmeringsspråk),java (programmeringsspråk),Undirected,IT,Data og ai
c# (programmeringsspråk),edifact,Undirected,IT,Data og ai
java (programmeringsspråk),edifact,Undirected,IT,Data og ai
avkastning på investering (roi),shopify,Undirected,Butikk og varehandel,Data og ai
avkastning på investering (roi),segmentere,Undirected,Butikk og varehandel,Data og ai
avkastning på investering (roi),google analytics,Undirected,Butikk og varehandel,Data og ai
avkastning på investering (roi),digital commerce,Undirected,Butikk og varehandel,Data og ai
avkastning på investering (roi),google adwords,Undirected,Butikk og varehandel,Data og ai
avkastning på investering (roi),optimalisering av konvertering,Undirected,Butikk og varehandel,Data og ai
avkastning på investering (roi),a/b-testing (konverteringsoptimalisering),Undirected,Butikk og varehandel,Data og ai
shopify,segmentere,Undirected,Butikk og varehandel,Data og ai
shopify,google analytics,Undirected,Butikk og varehandel,Data og ai
shopify,digital commerce,Undirected,Butikk og varehandel,Data og ai
shopify,google adwords,Undirected,Butikk og varehandel,Data og ai
shopify,optimalisering av konvertering,Undirected,Butikk og varehandel,Data og ai
shopify,a/b-testing (konverteringsoptimalisering),Undirected,Butikk og varehandel,Data og ai
segmentere,google analytics,Undirected,Butikk og varehandel,Data og ai
segmentere,digital commerce,Undirected,Butikk og varehandel,Data og ai
segmentere,google adwords,Undirected,Butikk og varehandel,Data og ai
segmentere,optimalisering av konvertering,Undirected,Butikk og varehandel,Data og ai
segmentere,a/b-testing (konverteringsoptimalisering),Undirected,Butikk og varehandel,Data og ai
google analytics,digital commerce,Undirected,Butikk og varehandel,Data og ai
google analytics,google adwords,Undirected,Butikk og varehandel,Data og ai
google analytics,optimalisering av konvertering,Undirected,Butikk og varehandel,Data og ai
google analytics,a/b-testing (konverteringsoptimalisering),Undirected,Butikk og varehandel,Data og ai
digital commerce,google adwords,Undirected,Butikk og varehandel,Data og ai
digital commerce,optimalisering av konvertering,Undirected,Butikk og varehandel,Data og ai
digital commerce,a/b-testing (konverteringsoptimalisering),Undirected,Butikk og varehandel,Data og ai
google adwords,optimalisering av konvertering,Undirected,Butikk og varehandel,Data og ai
google adwords,a/b-testing (konverteringsoptimalisering),Undirected,Butikk og varehandel,Data og ai
optimalisering av konvertering,a/b-testing (konverteringsoptimalisering),Undirected,Butikk og varehandel,Data og ai
ikt-støtte,prosjektledelse it,Undirected,IT,Data og ai
ikt-støtte,sikre informasjonspersonvern,Undirected,IT,Data og ai
ikt-støtte,ikt-sikkerhetsstandarder,Undirected,IT,Data og ai
ikt-støtte,behersker it-/datasystemer,Undirected,IT,Data og ai
ikt-støtte,marinteknikk,Undirected,IT,Data og ai
ikt-støtte,cybersikkerhet,Undirected,IT,Data og ai
prosjektledelse it,sikre informasjonspersonvern,Undirected,IT,Data og ai
prosjektledelse it,ikt-sikkerhetsstandarder,Undirected,IT,Data og ai
prosjektledelse it,behersker it-/datasystemer,Undirected,IT,Data og ai
prosjektledelse it,marinteknikk,Undirected,IT,Data og ai
prosjektledelse it,cybersikkerhet,Undirected,IT,Data og ai
sikre informasjonspersonvern,ikt-sikkerhetsstandarder,Undirected,IT,Data og ai
sikre informasjonspersonvern,behersker it-/datasystemer,Undirected,IT,Data og ai
sikre informasjonspersonvern,marinteknikk,Undirected,IT,Data og ai
sikre informasjonspersonvern,cybersikkerhet,Undirected,IT,Data og ai
ikt-sikkerhetsstandarder,behersker it-/datasystemer,Undirected,IT,Data og ai
ikt-sikkerhetsstandarder,marinteknikk,Undirected,IT,Data og ai
ikt-sikkerhetsstandarder,cybersikkerhet,Undirected,IT,Data og ai
behersker it-/datasystemer,marinteknikk,Undirected,IT,Data og ai
behersker it-/datasystemer,cybersikkerhet,Undirected,IT,Data og ai
marinteknikk,cybersikkerhet,Undirected,IT,Data og ai
ci/cd (continuous integration and continuous delivery),github,Undirected,Internettbaserte tjenester,Data og ai
ci/cd (continuous integration and continuous delivery),ingeniørarbeid,Undirected,Internettbaserte tjenester,Data og ai
ci/cd (continuous integration and continuous delivery),sql,Undirected,Internettbaserte tjenester,Data og ai
ci/cd (continuous integration and continuous delivery),fullstack utvikler,Undirected,Internettbaserte tjenester,Data og ai
ci/cd (continuous integration and continuous delivery),c# (programmeringsspråk),Undirected,Internettbaserte tjenester,Data og ai
ci/cd (continuous integration and continuous delivery),typescript,Undirected,Internettbaserte tjenester,Data og ai
github,ingeniørarbeid,Undirected,Internettbaserte tjenester,Data og ai
github,sql,Undirected,Internettbaserte tjenester,Data og ai
github,fullstack utvikler,Undirected,Internettbaserte tjenester,Data og ai
github,c# (programmeringsspråk),Undirected,Internettbaserte tjenester,Data og ai
github,typescript,Undirected,Internettbaserte tjenester,Data og ai
ingeniørarbeid,sql,Undirected,Internettbaserte tjenester,Data og ai
ingeniørarbeid,fullstack utvikler,Undirected,Internettbaserte tjenester,Data og ai
ingeniørarbeid,c# (programmeringsspråk),Undirected,Internettbaserte tjenester,Data og ai
ingeniørarbeid,typescript,Undirected,Internettbaserte tjenester,Data og ai
sql,fullstack utvikler,Undirected,Internettbaserte tjenester,Data og ai
sql,c# (programmeringsspråk),Undirected,Internettbaserte tjenester,Data og ai
sql,typescript,Undirected,Internettbaserte tjenester,Data og ai
fullstack utvikler,c# (programmeringsspråk),Undirected,Internettbaserte tjenester,Data og ai
fullstack utvikler,typescript,Undirected,Internettbaserte tjenester,Data og ai
c# (programmeringsspråk),typescript,Undirected,Internettbaserte tjenester,Data og ai
utvikling av markedsførings- og salgskonsepter,prototype,Undirected,IT,Data og ai
utvikling av markedsførings- og salgskonsepter,go-to-market strategi,Undirected,IT,Data og ai
utvikling av markedsførings- og salgskonsepter,optimalisering av konvertering,Undirected,IT,Data og ai
utvikling av markedsførings- og salgskonsepter,kunstig intelligens,Undirected,IT,Data og ai
prototype,go-to-market strategi,Undirected,IT,Data og ai
prototype,optimalisering av konvertering,Undirected,IT,Data og ai
go-to-market strategi,optimalisering av konvertering,Undirected,IT,Data og ai
go-to-market strategi,kunstig intelligens,Undirected,IT,Data og ai
optimalisering av konvertering,kunstig intelligens,Undirected,IT,Data og ai
kybernetikk,robotikk,Undirected,Industri og produksjon,Data og ai
kybernetikk,bærekraftig miljøarbeid,Undirected,Industri og produksjon,Data og ai
kybernetikk,automatisering,Undirected,Industri og produksjon,Data og ai
kybernetikk,akvakultur,Undirected,Industri og produksjon,Data og ai
kybernetikk,kunstig intelligens,Undirected,Industri og produksjon,Data og ai
kybernetikk,biologi,Undirected,Industri og produksjon,Data og ai
kybernetikk,logistikk,Undirected,Industri og produksjon,Data og ai
robotikk,bærekraftig miljøarbeid,Undirected,Industri og produksjon,Data og ai
robotikk,automatisering,Undirected,Industri og produksjon,Data og ai
robotikk,akvakultur,Undirected,Industri og produksjon,Data og ai
robotikk,kunstig intelligens,Undirected,Industri og produksjon,Data og ai
robotikk,biologi,Undirected,Industri og produksjon,Data og ai
robotikk,logistikk,Undirected,Industri og produksjon,Data og ai
bærekraftig miljøarbeid,automatisering,Undirected,Industri og produksjon,Data og ai
bærekraftig miljøarbeid,akvakultur,Undirected,Industri og produksjon,Data og ai
bærekraftig miljøarbeid,kunstig intelligens,Undirected,Industri og produksjon,Data og ai
bærekraftig miljøarbeid,biologi,Undirected,Industri og produksjon,Data og ai
bærekraftig miljøarbeid,logistikk,Undirected,Industri og produksjon,Data og ai
automatisering,akvakultur,Undirected,Industri og produksjon,Data og ai
automatisering,kunstig intelligens,Undirected,Industri og produksjon,Data og ai
automatisering,biologi,Undirected,Industri og produksjon,Data og ai
automatisering,logistikk,Undirected,Industri og produksjon,Data og ai
akvakultur,kunstig intelligens,Undirected,Industri og produksjon,Data og ai
akvakultur,biologi,Undirected,Industri og produksjon,Data og ai
akvakultur,logistikk,Undirected,Industri og produksjon,Data og ai
kunstig intelligens,biologi,Undirected,Industri og produksjon,Data og ai
kunstig intelligens,logistikk,Undirected,Industri og produksjon,Data og ai
biologi,logistikk,Undirected,Industri og produksjon,Data og ai
data engineering,systemoptimering,Undirected,IT,Data og ai
data engineering,behandle data,Undirected,IT,Data og ai
data engineering,kvalitetssikring av data,Undirected,IT,Data og ai
data engineering,organisere data,Undirected,IT,Data og ai
data engineering,automatisering,Undirected,IT,Data og ai
data engineering,kunstig intelligens,Undirected,IT,Data og ai
data engineering,dataarkitektur,Undirected,IT,Data og ai
systemoptimering,behandle data,Undirected,IT,Data og ai
systemoptimering,kvalitetssikring av data,Undirected,IT,Data og ai
systemoptimering,organisere data,Undirected,IT,Data og ai
systemoptimering,automatisering,Undirected,IT,Data og ai
systemoptimering,kunstig intelligens,Undirected,IT,Data og ai
systemoptimering,dataarkitektur,Undirected,IT,Data og ai
behandle data,kvalitetssikring av data,Undirected,IT,Data og ai
behandle data,organisere data,Undirected,IT,Data og ai
behandle data,automatisering,Undirected,IT,Data og ai
behandle data,kunstig intelligens,Undirected,IT,Data og ai
behandle data,dataarkitektur,Undirected,IT,Data og ai
kvalitetssikring av data,organisere data,Undirected,IT,Data og ai
kvalitetssikring av data,automatisering,Undirected,IT,Data og ai
kvalitetssikring av data,dataarkitektur,Undirected,IT,Data og ai
organisere data,automatisering,Undirected,IT,Data og ai
organisere data,kunstig intelligens,Undirected,IT,Data og ai
organisere data,dataarkitektur,Undirected,IT,Data og ai
automatisering,dataarkitektur,Undirected,IT,Data og ai
kunstig intelligens,dataarkitektur,Undirected,IT,Data og ai
mobilapplikasjon,ingeniørarbeid,Undirected,Butikk og varehandel,Data og ai
mobilapplikasjon,.net maui (multi-platform app ui),Undirected,Butikk og varehandel,Data og ai
mobilapplikasjon,react native,Undirected,Butikk og varehandel,Data og ai
mobilapplikasjon,kunstig intelligens,Undirected,Butikk og varehandel,Data og ai
mobilapplikasjon,informatikk,Undirected,Butikk og varehandel,Data og ai
mobilapplikasjon,native apps,Undirected,Butikk og varehandel,Data og ai
ingeniørarbeid,.net maui (multi-platform app ui),Undirected,Butikk og varehandel,Data og ai
ingeniørarbeid,react native,Undirected,Butikk og varehandel,Data og ai
ingeniørarbeid,kunstig intelligens,Undirected,Butikk og varehandel,Data og ai
ingeniørarbeid,informatikk,Undirected,Butikk og varehandel,Data og ai
ingeniørarbeid,native apps,Undirected,Butikk og varehandel,Data og ai
.net maui (multi-platform app ui),react native,Undirected,Butikk og varehandel,Data og ai
.net maui (multi-platform app ui),kunstig intelligens,Undirected,Butikk og varehandel,Data og ai
.net maui (multi-platform app ui),informatikk,Undirected,Butikk og varehandel,Data og ai
.net maui (multi-platform app ui),native apps,Undirected,Butikk og varehandel,Data og ai
react native,kunstig intelligens,Undirected,Butikk og varehandel,Data og ai
react native,informatikk,Undirected,Butikk og varehandel,Data og ai
react native,native apps,Undirected,Butikk og varehandel,Data og ai
kunstig intelligens,informatikk,Undirected,Butikk og varehandel,Data og ai
kunstig intelligens,native apps,Undirected,Butikk og varehandel,Data og ai
informatikk,native apps,Undirected,Butikk og varehandel,Data og ai
standardisere prosesser,ingeniørarbeid,Undirected,Butikk og varehandel,Data og ai
standardisere prosesser,kunstig intelligens,Undirected,Butikk og varehandel,Data og ai
standardisere prosesser,informatikk,Undirected,Butikk og varehandel,Data og ai
standardisere prosesser,strategisk systemutvikling,Undirected,Butikk og varehandel,Data og ai
ingeniørarbeid,strategisk systemutvikling,Undirected,Butikk og varehandel,Data og ai
kunstig intelligens,strategisk systemutvikling,Undirected,Butikk og varehandel,Data og ai
informatikk,strategisk systemutvikling,Undirected,Butikk og varehandel,Data og ai
landingpage,markedsanalyse,Undirected,Bank,Data og ai
landingpage,python (dataprogrammering),Undirected,Bank,Data og ai
landingpage,semrush,Undirected,Bank,Data og ai
landingpage,google adwords,Undirected,Bank,Data og ai
landingpage,kunstig intelligens,Undirected,Bank,Data og ai
landingpage,automatisering,Undirected,Bank,Data og ai
landingpage,ahrefs,Undirected,Bank,Data og ai
markedsanalyse,python (dataprogrammering),Undirected,Bank,Data og ai
markedsanalyse,semrush,Undirected,Bank,Data og ai
markedsanalyse,google adwords,Undirected,Bank,Data og ai
markedsanalyse,kunstig intelligens,Undirected,Bank,Data og ai
markedsanalyse,automatisering,Undirected,Bank,Data og ai
markedsanalyse,ahrefs,Undirected,Bank,Data og ai
python (dataprogrammering),semrush,Undirected,Bank,Data og ai
python (dataprogrammering),google adwords,Undirected,Bank,Data og ai
python (dataprogrammering),ahrefs,Undirected,Bank,Data og ai
semrush,google adwords,Undirected,Bank,Data og ai
semrush,kunstig intelligens,Undirected,Bank,Data og ai
semrush,automatisering,Undirected,Bank,Data og ai
semrush,ahrefs,Undirected,Bank,Data og ai
google adwords,kunstig intelligens,Undirected,Bank,Data og ai
google adwords,automatisering,Undirected,Bank,Data og ai
google adwords,ahrefs,Undirected,Bank,Data og ai
kunstig intelligens,automatisering,Undirected,Bank,Data og ai
kunstig intelligens,ahrefs,Undirected,Bank,Data og ai
automatisering,ahrefs,Undirected,Bank,Data og ai
engelsk,norsk,Undirected,Annet,Data og ai
general data protection regulation (gdpr),dataarkitektur,Undirected,Bank,Data og ai
api,data engineering,Undirected,Bank,Data og ai
api,terraform,Undirected,Bank,Data og ai
api,python (dataprogrammering),Undirected,Bank,Data og ai
api,maskinlæring,Undirected,Bank,Data og ai
api,k8s,Undirected,Bank,Data og ai
api,sql,Undirected,Bank,Data og ai
api,development of data pipelines,Undirected,Bank,Data og ai
data engineering,terraform,Undirected,Bank,Data og ai
data engineering,python (dataprogrammering),Undirected,Bank,Data og ai
data engineering,maskinlæring,Undirected,Bank,Data og ai
data engineering,k8s,Undirected,Bank,Data og ai
data engineering,sql,Undirected,Bank,Data og ai
data engineering,development of data pipelines,Undirected,Bank,Data og ai
terraform,python (dataprogrammering),Undirected,Bank,Data og ai
terraform,maskinlæring,Undirected,Bank,Data og ai
terraform,k8s,Undirected,Bank,Data og ai
terraform,sql,Undirected,Bank,Data og ai
terraform,development of data pipelines,Undirected,Bank,Data og ai
python (dataprogrammering),k8s,Undirected,Bank,Data og ai
python (dataprogrammering),development of data pipelines,Undirected,Bank,Data og ai
maskinlæring,k8s,Undirected,Bank,Data og ai
maskinlæring,development of data pipelines,Undirected,Bank,Data og ai
k8s,sql,Undirected,Bank,Data og ai
k8s,development of data pipelines,Undirected,Bank,Data og ai
sql,development of data pipelines,Undirected,Bank,Data og ai
datadrevet markedsføring,kunstig intelligens,Undirected,Eiendom,Data og ai
datadrevet markedsføring,produsere innhold,Undirected,Eiendom,Data og ai
datadrevet markedsføring,markedsstrategi,Undirected,Eiendom,Data og ai
kunstig intelligens,produsere innhold,Undirected,Eiendom,Data og ai
kunstig intelligens,markedsstrategi,Undirected,Eiendom,Data og ai
produsere innhold,markedsstrategi,Undirected,Eiendom,Data og ai
product marketing,innholdsproduksjon,Undirected,Event og arrangementer,Data og ai
product marketing,prosjekteringsledelse,Undirected,Event og arrangementer,Data og ai
product marketing,programvare som tjeneste,Undirected,Event og arrangementer,Data og ai
innholdsproduksjon,prosjekteringsledelse,Undirected,Event og arrangementer,Data og ai
innholdsproduksjon,programvare som tjeneste,Undirected,Event og arrangementer,Data og ai
prosjekteringsledelse,programvare som tjeneste,Undirected,Event og arrangementer,Data og ai
digitalisering,bioingeniørfaglig kompetanse,Undirected,Helse og omsorg,Data og ai
digitalisering,databaseutvikling,Undirected,Helse og omsorg,Data og ai
digitalisering,analysere bilder,Undirected,Helse og omsorg,Data og ai
digitalisering,bergenstesten,Undirected,Helse og omsorg,Data og ai
digitalisering,biologi,Undirected,Helse og omsorg,Data og ai
bioingeniørfaglig kompetanse,databaseutvikling,Undirected,Helse og omsorg,Data og ai
bioingeniørfaglig kompetanse,analysere bilder,Undirected,Helse og omsorg,Data og ai
bioingeniørfaglig kompetanse,bergenstesten,Undirected,Helse og omsorg,Data og ai
bioingeniørfaglig kompetanse,biologi,Undirected,Helse og omsorg,Data og ai
databaseutvikling,analysere bilder,Undirected,Helse og omsorg,Data og ai
databaseutvikling,bergenstesten,Undirected,Helse og omsorg,Data og ai
databaseutvikling,biologi,Undirected,Helse og omsorg,Data og ai
analysere bilder,bergenstesten,Undirected,Helse og omsorg,Data og ai
analysere bilder,biologi,Undirected,Helse og omsorg,Data og ai
bergenstesten,biologi,Undirected,Helse og omsorg,Data og ai
wireframing,prototype,Undirected,IT,Data og ai
wireframing,brukbarhetstesting,Undirected,IT,Data og ai
wireframing,interaksjonsdesign,Undirected,IT,Data og ai
wireframing,informasjonsarkitektur,Undirected,IT,Data og ai
wireframing,programvaredesign,Undirected,IT,Data og ai
prototype,brukbarhetstesting,Undirected,IT,Data og ai
prototype,interaksjonsdesign,Undirected,IT,Data og ai
prototype,informasjonsarkitektur,Undirected,IT,Data og ai
prototype,programvaredesign,Undirected,IT,Data og ai
brukbarhetstesting,interaksjonsdesign,Undirected,IT,Data og ai
brukbarhetstesting,informasjonsarkitektur,Undirected,IT,Data og ai
brukbarhetstesting,programvaredesign,Undirected,IT,Data og ai
interaksjonsdesign,informasjonsarkitektur,Undirected,IT,Data og ai
interaksjonsdesign,programvaredesign,Undirected,IT,Data og ai
informasjonsarkitektur,programvaredesign,Undirected,IT,Data og ai
ifs erp,digitalisering,Undirected,Industri og produksjon,Data og ai
ifs erp,fabrikasjonsprosess,Undirected,Industri og produksjon,Data og ai
ifs erp,prosessoptimalisering (produksjonsprosesser),Undirected,Industri og produksjon,Data og ai
ifs erp,kunstig intelligens,Undirected,Industri og produksjon,Data og ai
digitalisering,fabrikasjonsprosess,Undirected,Industri og produksjon,Data og ai
digitalisering,prosessoptimalisering (produksjonsprosesser),Undirected,Industri og produksjon,Data og ai
digitalisering,kunstig intelligens,Undirected,Industri og produksjon,Data og ai
fabrikasjonsprosess,prosessoptimalisering (produksjonsprosesser),Undirected,Industri og produksjon,Data og ai
fabrikasjonsprosess,kunstig intelligens,Undirected,Industri og produksjon,Data og ai
prosessoptimalisering (produksjonsprosesser),kunstig intelligens,Undirected,Industri og produksjon,Data og ai
kreativitet,matfaget,Undirected,Markedsføring og annonsering,Data og ai
kreativitet,teknologisk forståelse,Undirected,Markedsføring og annonsering,Data og ai
kreativitet,innholdsmarkedsføring,Undirected,Markedsføring og annonsering,Data og ai
kreativitet,prosjektledelse,Undirected,Markedsføring og annonsering,Data og ai
kreativitet,sosiale medier,Undirected,Markedsføring og annonsering,Data og ai
matfaget,teknologisk forståelse,Undirected,Markedsføring og annonsering,Data og ai
matfaget,innholdsmarkedsføring,Undirected,Markedsføring og annonsering,Data og ai
matfaget,prosjektledelse,Undirected,Markedsføring og annonsering,Data og ai
matfaget,sosiale medier,Undirected,Markedsføring og annonsering,Data og ai
teknologisk forståelse,innholdsmarkedsføring,Undirected,Markedsføring og annonsering,Data og ai
teknologisk forståelse,prosjektledelse,Undirected,Markedsføring og annonsering,Data og ai
teknologisk forståelse,sosiale medier,Undirected,Markedsføring og annonsering,Data og ai
innholdsmarkedsføring,prosjektledelse,Undirected,Markedsføring og annonsering,Data og ai
innholdsmarkedsføring,sosiale medier,Undirected,Markedsføring og annonsering,Data og ai
prosjektledelse,sosiale medier,Undirected,Markedsføring og annonsering,Data og ai
landingpage,produsere innhold,Undirected,Internettbaserte tjenester,Data og ai
landingpage,wordpress,Undirected,Internettbaserte tjenester,Data og ai
landingpage,google analytics,Undirected,Internettbaserte tjenester,Data og ai
landingpage,datadrevet markedsføring,Undirected,Internettbaserte tjenester,Data og ai
landingpage,kampanjeplanlegging (markedsføring),Undirected,Internettbaserte tjenester,Data og ai
landingpage,google adwords,Undirected,Internettbaserte tjenester,Data og ai
landingpage,digital annonsering,Undirected,Internettbaserte tjenester,Data og ai
produsere innhold,wordpress,Undirected,Internettbaserte tjenester,Data og ai
produsere innhold,google analytics,Undirected,Internettbaserte tjenester,Data og ai
produsere innhold,datadrevet markedsføring,Undirected,Internettbaserte tjenester,Data og ai
produsere innhold,kampanjeplanlegging (markedsføring),Undirected,Internettbaserte tjenester,Data og ai
produsere innhold,google adwords,Undirected,Internettbaserte tjenester,Data og ai
produsere innhold,digital annonsering,Undirected,Internettbaserte tjenester,Data og ai
wordpress,google analytics,Undirected,Internettbaserte tjenester,Data og ai
wordpress,datadrevet markedsføring,Undirected,Internettbaserte tjenester,Data og ai
wordpress,kampanjeplanlegging (markedsføring),Undirected,Internettbaserte tjenester,Data og ai
wordpress,google adwords,Undirected,Internettbaserte tjenester,Data og ai
wordpress,digital annonsering,Undirected,Internettbaserte tjenester,Data og ai
google analytics,datadrevet markedsføring,Undirected,Internettbaserte tjenester,Data og ai
google analytics,kampanjeplanlegging (markedsføring),Undirected,Internettbaserte tjenester,Data og ai
google analytics,google adwords,Undirected,Internettbaserte tjenester,Data og ai
google analytics,digital annonsering,Undirected,Internettbaserte tjenester,Data og ai
datadrevet markedsføring,kampanjeplanlegging (markedsføring),Undirected,Internettbaserte tjenester,Data og ai
datadrevet markedsføring,google adwords,Undirected,Internettbaserte tjenester,Data og ai
datadrevet markedsføring,digital annonsering,Undirected,Internettbaserte tjenester,Data og ai
kampanjeplanlegging (markedsføring),google adwords,Undirected,Internettbaserte tjenester,Data og ai
kampanjeplanlegging (markedsføring),digital annonsering,Undirected,Internettbaserte tjenester,Data og ai
google adwords,digital annonsering,Undirected,Internettbaserte tjenester,Data og ai
felling,ci/cd (continuous integration and continuous delivery),Undirected,IT,Data og ai
felling,systemoptimering,Undirected,IT,Data og ai
felling,bash (operativsystem),Undirected,IT,Data og ai
felling,prometheus,Undirected,IT,Data og ai
felling,overvåkning og loggverktøy,Undirected,IT,Data og ai
felling,docker,Undirected,IT,Data og ai
felling,cuda (compute unified device architecture),Undirected,IT,Data og ai
ci/cd (continuous integration and continuous delivery),systemoptimering,Undirected,IT,Data og ai
ci/cd (continuous integration and continuous delivery),bash (operativsystem),Undirected,IT,Data og ai
ci/cd (continuous integration and continuous delivery),prometheus,Undirected,IT,Data og ai
ci/cd (continuous integration and continuous delivery),overvåkning og loggverktøy,Undirected,IT,Data og ai
ci/cd (continuous integration and continuous delivery),docker,Undirected,IT,Data og ai
ci/cd (continuous integration and continuous delivery),cuda (compute unified device architecture),Undirected,IT,Data og ai
systemoptimering,bash (operativsystem),Undirected,IT,Data og ai
systemoptimering,prometheus,Undirected,IT,Data og ai
systemoptimering,overvåkning og loggverktøy,Undirected,IT,Data og ai
systemoptimering,docker,Undirected,IT,Data og ai
systemoptimering,cuda (compute unified device architecture),Undirected,IT,Data og ai
bash (operativsystem),prometheus,Undirected,IT,Data og ai
bash (operativsystem),overvåkning og loggverktøy,Undirected,IT,Data og ai
bash (operativsystem),docker,Undirected,IT,Data og ai
bash (operativsystem),cuda (compute unified device architecture),Undirected,IT,Data og ai
prometheus,overvåkning og loggverktøy,Undirected,IT,Data og ai
prometheus,docker,Undirected,IT,Data og ai
prometheus,cuda (compute unified device architecture),Undirected,IT,Data og ai
overvåkning og loggverktøy,docker,Undirected,IT,Data og ai
overvåkning og loggverktøy,cuda (compute unified device architecture),Undirected,IT,Data og ai
docker,cuda (compute unified device architecture),Undirected,IT,Data og ai
felling,python (dataprogrammering),Undirected,IT,Data og ai
felling,maskinlæring,Undirected,IT,Data og ai
felling,k8s,Undirected,IT,Data og ai
felling,pytorch,Undirected,IT,Data og ai
python (dataprogrammering),pytorch,Undirected,IT,Data og ai
python (dataprogrammering),docker,Undirected,IT,Data og ai
maskinlæring,k8s,Undirected,IT,Data og ai
maskinlæring,pytorch,Undirected,IT,Data og ai
maskinlæring,docker,Undirected,IT,Data og ai
maskinlæring,maskinlæring,Undirected,IT,Data og ai
k8s,pytorch,Undirected,IT,Data og ai
k8s,docker,Undirected,IT,Data og ai
pytorch,docker,Undirected,IT,Data og ai
datasenter,due diligence analyse,Undirected,IT,Data og ai
datasenter,go-to-market strategi,Undirected,IT,Data og ai
datasenter,cybersikkerhet,Undirected,IT,Data og ai
due diligence analyse,go-to-market strategi,Undirected,IT,Data og ai
due diligence analyse,cybersikkerhet,Undirected,IT,Data og ai
go-to-market strategi,cybersikkerhet,Undirected,IT,Data og ai
ifs erp,erp-systemer,Undirected,innsikt og lokal ekspertise.,Data og ai
ifs erp,controlling,Undirected,innsikt og lokal ekspertise.,Data og ai
ifs erp,axapta,Undirected,innsikt og lokal ekspertise.,Data og ai
ifs erp,kontinuerlig forbedringsarbeid,Undirected,innsikt og lokal ekspertise.,Data og ai
ifs erp,kunstig intelligens,Undirected,innsikt og lokal ekspertise.,Data og ai
ifs erp,prosjekteringsledelse,Undirected,innsikt og lokal ekspertise.,Data og ai
erp-systemer,controlling,Undirected,innsikt og lokal ekspertise.,Data og ai
erp-systemer,axapta,Undirected,innsikt og lokal ekspertise.,Data og ai
erp-systemer,kontinuerlig forbedringsarbeid,Undirected,innsikt og lokal ekspertise.,Data og ai
erp-systemer,kunstig intelligens,Undirected,innsikt og lokal ekspertise.,Data og ai
erp-systemer,prosjekteringsledelse,Undirected,innsikt og lokal ekspertise.,Data og ai
controlling,axapta,Undirected,innsikt og lokal ekspertise.,Data og ai
controlling,kontinuerlig forbedringsarbeid,Undirected,innsikt og lokal ekspertise.,Data og ai
controlling,kunstig intelligens,Undirected,innsikt og lokal ekspertise.,Data og ai
controlling,prosjekteringsledelse,Undirected,innsikt og lokal ekspertise.,Data og ai
axapta,kontinuerlig forbedringsarbeid,Undirected,innsikt og lokal ekspertise.,Data og ai
axapta,kunstig intelligens,Undirected,innsikt og lokal ekspertise.,Data og ai
axapta,prosjekteringsledelse,Undirected,innsikt og lokal ekspertise.,Data og ai
kontinuerlig forbedringsarbeid,kunstig intelligens,Undirected,innsikt og lokal ekspertise.,Data og ai
kontinuerlig forbedringsarbeid,prosjekteringsledelse,Undirected,innsikt og lokal ekspertise.,Data og ai
kunstig intelligens,prosjekteringsledelse,Undirected,innsikt og lokal ekspertise.,Data og ai
finansforvaltning,risikostyring,Undirected,innsikt og lokal ekspertise.,Data og ai
finansforvaltning,controlling,Undirected,innsikt og lokal ekspertise.,Data og ai
finansforvaltning,business-planlegging,Undirected,innsikt og lokal ekspertise.,Data og ai
finansforvaltning,kostnadskontroll (financial controlling),Undirected,innsikt og lokal ekspertise.,Data og ai
finansforvaltning,økonomistyring,Undirected,innsikt og lokal ekspertise.,Data og ai
finansforvaltning,analysere data,Undirected,innsikt og lokal ekspertise.,Data og ai
finansforvaltning,likviditetsstyring,Undirected,innsikt og lokal ekspertise.,Data og ai
risikostyring,controlling,Undirected,innsikt og lokal ekspertise.,Data og ai
risikostyring,business-planlegging,Undirected,innsikt og lokal ekspertise.,Data og ai
risikostyring,kostnadskontroll (financial controlling),Undirected,innsikt og lokal ekspertise.,Data og ai
risikostyring,økonomistyring,Undirected,innsikt og lokal ekspertise.,Data og ai
risikostyring,analysere data,Undirected,innsikt og lokal ekspertise.,Data og ai
risikostyring,likviditetsstyring,Undirected,innsikt og lokal ekspertise.,Data og ai
controlling,business-planlegging,Undirected,innsikt og lokal ekspertise.,Data og ai
controlling,kostnadskontroll (financial controlling),Undirected,innsikt og lokal ekspertise.,Data og ai
controlling,økonomistyring,Undirected,innsikt og lokal ekspertise.,Data og ai
controlling,analysere data,Undirected,innsikt og lokal ekspertise.,Data og ai
controlling,likviditetsstyring,Undirected,innsikt og lokal ekspertise.,Data og ai
business-planlegging,kostnadskontroll (financial controlling),Undirected,innsikt og lokal ekspertise.,Data og ai
business-planlegging,økonomistyring,Undirected,innsikt og lokal ekspertise.,Data og ai
business-planlegging,analysere data,Undirected,innsikt og lokal ekspertise.,Data og ai
business-planlegging,likviditetsstyring,Undirected,innsikt og lokal ekspertise.,Data og ai
kostnadskontroll (financial controlling),økonomistyring,Undirected,innsikt og lokal ekspertise.,Data og ai
kostnadskontroll (financial controlling),analysere data,Undirected,innsikt og lokal ekspertise.,Data og ai
kostnadskontroll (financial controlling),likviditetsstyring,Undirected,innsikt og lokal ekspertise.,Data og ai
økonomistyring,analysere data,Undirected,innsikt og lokal ekspertise.,Data og ai
økonomistyring,likviditetsstyring,Undirected,innsikt og lokal ekspertise.,Data og ai
analysere data,likviditetsstyring,Undirected,innsikt og lokal ekspertise.,Data og ai
flåtestyring,account management,Undirected,IT - programvare,Data og ai
flåtestyring,tolke data,Undirected,IT - programvare,Data og ai
flåtestyring,regulatory compliance,Undirected,IT - programvare,Data og ai
account management,tolke data,Undirected,IT - programvare,Data og ai
account management,regulatory compliance,Undirected,IT - programvare,Data og ai
tolke data,regulatory compliance,Undirected,IT - programvare,Data og ai
resultatanalyse,google analytics,Undirected,Butikk og varehandel,Data og ai
resultatanalyse,datadrevet markedsføring,Undirected,Butikk og varehandel,Data og ai
resultatanalyse,performance marketing,Undirected,Butikk og varehandel,Data og ai
resultatanalyse,annonsering i sosiale medier,Undirected,Butikk og varehandel,Data og ai
resultatanalyse,digital annonsering,Undirected,Butikk og varehandel,Data og ai
google analytics,datadrevet markedsføring,Undirected,Butikk og varehandel,Data og ai
google analytics,performance marketing,Undirected,Butikk og varehandel,Data og ai
google analytics,annonsering i sosiale medier,Undirected,Butikk og varehandel,Data og ai
google analytics,digital annonsering,Undirected,Butikk og varehandel,Data og ai
datadrevet markedsføring,performance marketing,Undirected,Butikk og varehandel,Data og ai
datadrevet markedsføring,annonsering i sosiale medier,Undirected,Butikk og varehandel,Data og ai
datadrevet markedsføring,digital annonsering,Undirected,Butikk og varehandel,Data og ai
performance marketing,annonsering i sosiale medier,Undirected,Butikk og varehandel,Data og ai
performance marketing,digital annonsering,Undirected,Butikk og varehandel,Data og ai
annonsering i sosiale medier,digital annonsering,Undirected,Butikk og varehandel,Data og ai
natural language processing (nlp),vitenskapelig forskning,Undirected,Forskning,Data og ai
natural language processing (nlp),explainable ai,Undirected,Forskning,Data og ai
natural language processing (nlp),digital informasjonsinnhenting,Undirected,Forskning,Data og ai
natural language processing (nlp),forskning,Undirected,Forskning,Data og ai
natural language processing (nlp),informatikk,Undirected,Forskning,Data og ai
natural language processing (nlp),store språkmodeller,Undirected,Forskning,Data og ai
vitenskapelig forskning,explainable ai,Undirected,Forskning,Data og ai
vitenskapelig forskning,digital informasjonsinnhenting,Undirected,Forskning,Data og ai
vitenskapelig forskning,forskning,Undirected,Forskning,Data og ai
vitenskapelig forskning,informatikk,Undirected,Forskning,Data og ai
vitenskapelig forskning,store språkmodeller,Undirected,Forskning,Data og ai
explainable ai,digital informasjonsinnhenting,Undirected,Forskning,Data og ai
explainable ai,forskning,Undirected,Forskning,Data og ai
explainable ai,informatikk,Undirected,Forskning,Data og ai
explainable ai,store språkmodeller,Undirected,Forskning,Data og ai
digital informasjonsinnhenting,forskning,Undirected,Forskning,Data og ai
digital informasjonsinnhenting,informatikk,Undirected,Forskning,Data og ai
digital informasjonsinnhenting,store språkmodeller,Undirected,Forskning,Data og ai
forskning,informatikk,Undirected,Forskning,Data og ai
forskning,store språkmodeller,Undirected,Forskning,Data og ai
informatikk,store språkmodeller,Undirected,Forskning,Data og ai
administrere data,digitalisering,Undirected,Bygg og anlegg,Data og ai
administrere data,vann- og avløpsanlegg,Undirected,Bygg og anlegg,Data og ai
digitalisering,vann- og avløpsanlegg,Undirected,Bygg og anlegg,Data og ai
installasjon,operasjonelle problemer i industrielle prosesser,Undirected,Industri og produksjon,Data og ai
installasjon,utføre feltarbeid,Undirected,Industri og produksjon,Data og ai
installasjon,sensorer,Undirected,Industri og produksjon,Data og ai
installasjon,løse praktiske,Undirected,Industri og produksjon,Data og ai
installasjon,support / brukerstøtte,Undirected,Industri og produksjon,Data og ai
operasjonelle problemer i industrielle prosesser,utføre feltarbeid,Undirected,Industri og produksjon,Data og ai
operasjonelle problemer i industrielle prosesser,sensorer,Undirected,Industri og produksjon,Data og ai
operasjonelle problemer i industrielle prosesser,løse praktiske,Undirected,Industri og produksjon,Data og ai
operasjonelle problemer i industrielle prosesser,support / brukerstøtte,Undirected,Industri og produksjon,Data og ai
utføre feltarbeid,sensorer,Undirected,Industri og produksjon,Data og ai
utføre feltarbeid,løse praktiske,Undirected,Industri og produksjon,Data og ai
utføre feltarbeid,support / brukerstøtte,Undirected,Industri og produksjon,Data og ai
sensorer,løse praktiske,Undirected,Industri og produksjon,Data og ai
sensorer,support / brukerstøtte,Undirected,Industri og produksjon,Data og ai
løse praktiske,support / brukerstøtte,Undirected,Industri og produksjon,Data og ai
robotikk,informatikk,Undirected,Elektronikk,Data og ai
robotikk,moderne software-utvikling,Undirected,Elektronikk,Data og ai
robotikk,python (dataprogrammering),Undirected,Elektronikk,Data og ai
informatikk,moderne software-utvikling,Undirected,Elektronikk,Data og ai
informatikk,python (dataprogrammering),Undirected,Elektronikk,Data og ai
moderne software-utvikling,python (dataprogrammering),Undirected,Elektronikk,Data og ai
bedriftsøkonomi,digitalisering,Undirected,IT,Data og ai
bedriftsøkonomi,analysere data,Undirected,IT,Data og ai
digitalisering,analysere data,Undirected,IT,Data og ai
strategisk prosjektledelse,kunstig intelligens,Undirected,Bank,Data og ai
strategisk prosjektledelse,migrering av prosjektledelse,Undirected,Bank,Data og ai
strategisk prosjektledelse,regulatory compliance,Undirected,Bank,Data og ai
kunstig intelligens,migrering av prosjektledelse,Undirected,Bank,Data og ai
kunstig intelligens,regulatory compliance,Undirected,Bank,Data og ai
migrering av prosjektledelse,regulatory compliance,Undirected,Bank,Data og ai
data engineering,risikostyring,Undirected,Bank,Data og ai
data engineering,forskrifter,Undirected,Bank,Data og ai
data engineering,bank- og finansielle tjenester,Undirected,Bank,Data og ai
data engineering,kunstig intelligens,Undirected,Bank,Data og ai
data engineering,analysere data,Undirected,Bank,Data og ai
data engineering,teknologiledelse,Undirected,Bank,Data og ai
risikostyring,forskrifter,Undirected,Bank,Data og ai
risikostyring,bank- og finansielle tjenester,Undirected,Bank,Data og ai
risikostyring,kunstig intelligens,Undirected,Bank,Data og ai
risikostyring,analysere data,Undirected,Bank,Data og ai
risikostyring,teknologiledelse,Undirected,Bank,Data og ai
forskrifter,bank- og finansielle tjenester,Undirected,Bank,Data og ai
forskrifter,kunstig intelligens,Undirected,Bank,Data og ai
forskrifter,analysere data,Undirected,Bank,Data og ai
forskrifter,teknologiledelse,Undirected,Bank,Data og ai
bank- og finansielle tjenester,kunstig intelligens,Undirected,Bank,Data og ai
bank- og finansielle tjenester,analysere data,Undirected,Bank,Data og ai
bank- og finansielle tjenester,teknologiledelse,Undirected,Bank,Data og ai
kunstig intelligens,analysere data,Undirected,Bank,Data og ai
kunstig intelligens,teknologiledelse,Undirected,Bank,Data og ai
analysere data,teknologiledelse,Undirected,Bank,Data og ai
teknisk it kompetanse,c# (programmeringsspråk),Undirected,IT,Data og ai
teknisk it kompetanse,support / brukerstøtte,Undirected,IT,Data og ai
teknisk it kompetanse,sql,Undirected,IT,Data og ai
c# (programmeringsspråk),support / brukerstøtte,Undirected,IT,Data og ai
support / brukerstøtte,sql,Undirected,IT,Data og ai
golang,api,Undirected,Internettbaserte tjenester,Data og ai
golang,amazon web services (aws),Undirected,Internettbaserte tjenester,Data og ai
golang,c# (programmeringsspråk),Undirected,Internettbaserte tjenester,Data og ai
api,api,Undirected,Internettbaserte tjenester,Data og ai
api,amazon web services (aws),Undirected,Internettbaserte tjenester,Data og ai
api,c# (programmeringsspråk),Undirected,Internettbaserte tjenester,Data og ai
amazon web services (aws),c# (programmeringsspråk),Undirected,Internettbaserte tjenester,Data og ai
dataprogrammering,kjennskap til skyplattformer,Undirected,Telekommunikasjon,Data og ai
dataprogrammering,programmeringsspråk,Undirected,Telekommunikasjon,Data og ai
dataprogrammering,infrastructure as code (iac),Undirected,Telekommunikasjon,Data og ai
dataprogrammering,ci/cd (continuous integration and continuous delivery),Undirected,Telekommunikasjon,Data og ai
dataprogrammering,azure ad,Undirected,Telekommunikasjon,Data og ai
dataprogrammering,k8s,Undirected,Telekommunikasjon,Data og ai
dataprogrammering,go,Undirected,Telekommunikasjon,Data og ai
kjennskap til skyplattformer,programmeringsspråk,Undirected,Telekommunikasjon,Data og ai
kjennskap til skyplattformer,infrastructure as code (iac),Undirected,Telekommunikasjon,Data og ai
kjennskap til skyplattformer,ci/cd (continuous integration and continuous delivery),Undirected,Telekommunikasjon,Data og ai
kjennskap til skyplattformer,azure ad,Undirected,Telekommunikasjon,Data og ai
kjennskap til skyplattformer,k8s,Undirected,Telekommunikasjon,Data og ai
kjennskap til skyplattformer,go,Undirected,Telekommunikasjon,Data og ai
programmeringsspråk,infrastructure as code (iac),Undirected,Telekommunikasjon,Data og ai
programmeringsspråk,ci/cd (continuous integration and continuous delivery),Undirected,Telekommunikasjon,Data og ai
programmeringsspråk,azure ad,Undirected,Telekommunikasjon,Data og ai
programmeringsspråk,k8s,Undirected,Telekommunikasjon,Data og ai
programmeringsspråk,go,Undirected,Telekommunikasjon,Data og ai
infrastructure as code (iac),ci/cd (continuous integration and continuous delivery),Undirected,Telekommunikasjon,Data og ai
infrastructure as code (iac),azure ad,Undirected,Telekommunikasjon,Data og ai
infrastructure as code (iac),k8s,Undirected,Telekommunikasjon,Data og ai
infrastructure as code (iac),go,Undirected,Telekommunikasjon,Data og ai
ci/cd (continuous integration and continuous delivery),azure ad,Undirected,Telekommunikasjon,Data og ai
ci/cd (continuous integration and continuous delivery),k8s,Undirected,Telekommunikasjon,Data og ai
ci/cd (continuous integration and continuous delivery),go,Undirected,Telekommunikasjon,Data og ai
azure ad,k8s,Undirected,Telekommunikasjon,Data og ai
azure ad,go,Undirected,Telekommunikasjon,Data og ai
k8s,go,Undirected,Telekommunikasjon,Data og ai
data modeling,devops,Undirected,IT,Data og ai
data modeling,dataintegrasjonsprosesser,Undirected,IT,Data og ai
data modeling,airflow,Undirected,IT,Data og ai
devops,ci/cd (continuous integration and continuous delivery),Undirected,IT,Data og ai
devops,python (dataprogrammering),Undirected,IT,Data og ai
devops,azure ad,Undirected,IT,Data og ai
devops,dataintegrasjonsprosesser,Undirected,IT,Data og ai
devops,airflow,Undirected,IT,Data og ai
ci/cd (continuous integration and continuous delivery),dataintegrasjonsprosesser,Undirected,IT,Data og ai
ci/cd (continuous integration and continuous delivery),airflow,Undirected,IT,Data og ai
python (dataprogrammering),dataintegrasjonsprosesser,Undirected,IT,Data og ai
python (dataprogrammering),airflow,Undirected,IT,Data og ai
azure ad,dataintegrasjonsprosesser,Undirected,IT,Data og ai
azure ad,airflow,Undirected,IT,Data og ai
dataintegrasjonsprosesser,airflow,Undirected,IT,Data og ai
data modeling,data engineering,Undirected,IT,Data og ai
data modeling,streamingteknologi,Undirected,IT,Data og ai
data modeling,nosql,Undirected,IT,Data og ai
data modeling,apache kafka,Undirected,IT,Data og ai
data modeling,apache spark,Undirected,IT,Data og ai
data engineering,streamingteknologi,Undirected,IT,Data og ai
data engineering,nosql,Undirected,IT,Data og ai
data engineering,azure ad,Undirected,IT,Data og ai
data engineering,apache kafka,Undirected,IT,Data og ai
data engineering,apache spark,Undirected,IT,Data og ai
streamingteknologi,nosql,Undirected,IT,Data og ai
streamingteknologi,azure ad,Undirected,IT,Data og ai
streamingteknologi,apache kafka,Undirected,IT,Data og ai
streamingteknologi,sql,Undirected,IT,Data og ai
streamingteknologi,apache spark,Undirected,IT,Data og ai
nosql,azure ad,Undirected,IT,Data og ai
nosql,apache kafka,Undirected,IT,Data og ai
nosql,sql,Undirected,IT,Data og ai
nosql,apache spark,Undirected,IT,Data og ai
azure ad,apache kafka,Undirected,IT,Data og ai
azure ad,apache spark,Undirected,IT,Data og ai
apache kafka,sql,Undirected,IT,Data og ai
apache kafka,apache spark,Undirected,IT,Data og ai
sql,apache spark,Undirected,IT,Data og ai
ikt-støtte,digitalisering,Undirected,Internettbaserte tjenester,Data og ai
ikt-støtte,ict security,Undirected,Internettbaserte tjenester,Data og ai
ikt-støtte,administrere ressurser,Undirected,Internettbaserte tjenester,Data og ai
ikt-støtte,prosjektledelse,Undirected,Internettbaserte tjenester,Data og ai
digitalisering,ict security,Undirected,Internettbaserte tjenester,Data og ai
digitalisering,administrere ressurser,Undirected,Internettbaserte tjenester,Data og ai
digitalisering,prosjektledelse,Undirected,Internettbaserte tjenester,Data og ai
ict security,administrere ressurser,Undirected,Internettbaserte tjenester,Data og ai
ict security,prosjektledelse,Undirected,Internettbaserte tjenester,Data og ai
administrere ressurser,prosjektledelse,Undirected,Internettbaserte tjenester,Data og ai
computer vision,python (dataprogrammering),Undirected,IT,Data og ai
computer vision,deep learning,Undirected,IT,Data og ai
computer vision,cuda (compute unified device architecture),Undirected,IT,Data og ai
computer vision,maskinlæring,Undirected,IT,Data og ai
python (dataprogrammering),deep learning,Undirected,IT,Data og ai
python (dataprogrammering),cuda (compute unified device architecture),Undirected,IT,Data og ai
deep learning,cuda (compute unified device architecture),Undirected,IT,Data og ai
deep learning,maskinlæring,Undirected,IT,Data og ai
cuda (compute unified device architecture),maskinlæring,Undirected,IT,Data og ai
kvalitetssikring,prosjektleveranse,Undirected,IT - programvare,Data og ai
kvalitetssikring,kvalitetsstyring,Undirected,IT - programvare,Data og ai
kvalitetssikring,strategirådgivning,Undirected,IT - programvare,Data og ai
kvalitetssikring,prosjekteringsledelse,Undirected,IT - programvare,Data og ai
kvalitetssikring,risikovurdering (forsikring),Undirected,IT - programvare,Data og ai
prosjektleveranse,kvalitetsstyring,Undirected,IT - programvare,Data og ai
prosjektleveranse,strategirådgivning,Undirected,IT - programvare,Data og ai
prosjektleveranse,prosjekteringsledelse,Undirected,IT - programvare,Data og ai
prosjektleveranse,risikovurdering (forsikring),Undirected,IT - programvare,Data og ai
kvalitetsstyring,strategirådgivning,Undirected,IT - programvare,Data og ai
kvalitetsstyring,prosjekteringsledelse,Undirected,IT - programvare,Data og ai
kvalitetsstyring,risikovurdering (forsikring),Undirected,IT - programvare,Data og ai
strategirådgivning,prosjekteringsledelse,Undirected,IT - programvare,Data og ai
strategirådgivning,risikovurdering (forsikring),Undirected,IT - programvare,Data og ai
prosjekteringsledelse,risikovurdering (forsikring),Undirected,IT - programvare,Data og ai
teknisk dokumentasjon,innholds- og omfangsledelse,Undirected,IT,Data og ai
teknisk dokumentasjon,byggeteknikk,Undirected,IT,Data og ai
teknisk dokumentasjon,ingeniørkunst,Undirected,IT,Data og ai
teknisk dokumentasjon,support / brukerstøtte,Undirected,IT,Data og ai
innholds- og omfangsledelse,byggeteknikk,Undirected,IT,Data og ai
innholds- og omfangsledelse,ingeniørkunst,Undirected,IT,Data og ai
innholds- og omfangsledelse,support / brukerstøtte,Undirected,IT,Data og ai
byggeteknikk,ingeniørkunst,Undirected,IT,Data og ai
byggeteknikk,support / brukerstøtte,Undirected,IT,Data og ai
ingeniørkunst,support / brukerstøtte,Undirected,IT,Data og ai
bransjekunnskap innen varme,vedlikehold av industrimaskiner,Undirected,kunnskap innen varme,Data og ai
bransjekunnskap innen varme,air condition og byggteknologi,Undirected,kunnskap innen varme,Data og ai
bransjekunnskap innen varme,ventilasjon,Undirected,kunnskap innen varme,Data og ai
bransjekunnskap innen varme,systemoptimering,Undirected,kunnskap innen varme,Data og ai
bransjekunnskap innen varme,kuldeteknikk,Undirected,kunnskap innen varme,Data og ai
bransjekunnskap innen varme,pumper,Undirected,kunnskap innen varme,Data og ai
bransjekunnskap innen varme,norsk,Undirected,kunnskap innen varme,Data og ai
bransjekunnskap innen varme,reparasjon,Undirected,kunnskap innen varme,Data og ai
bransjekunnskap innen varme,mekanisk feilsøking /vedlikehold,Undirected,kunnskap innen varme,Data og ai
vedlikehold av industrimaskiner,air condition og byggteknologi,Undirected,kunnskap innen varme,Data og ai
vedlikehold av industrimaskiner,ventilasjon,Undirected,kunnskap innen varme,Data og ai
vedlikehold av industrimaskiner,systemoptimering,Undirected,kunnskap innen varme,Data og ai
vedlikehold av industrimaskiner,kuldeteknikk,Undirected,kunnskap innen varme,Data og ai
vedlikehold av industrimaskiner,pumper,Undirected,kunnskap innen varme,Data og ai
vedlikehold av industrimaskiner,norsk,Undirected,kunnskap innen varme,Data og ai
vedlikehold av industrimaskiner,reparasjon,Undirected,kunnskap innen varme,Data og ai
vedlikehold av industrimaskiner,mekanisk feilsøking /vedlikehold,Undirected,kunnskap innen varme,Data og ai
air condition og byggteknologi,ventilasjon,Undirected,kunnskap innen varme,Data og ai
air condition og byggteknologi,systemoptimering,Undirected,kunnskap innen varme,Data og ai
air condition og byggteknologi,kuldeteknikk,Undirected,kunnskap innen varme,Data og ai
air condition og byggteknologi,pumper,Undirected,kunnskap innen varme,Data og ai
air condition og byggteknologi,norsk,Undirected,kunnskap innen varme,Data og ai
air condition og byggteknologi,reparasjon,Undirected,kunnskap innen varme,Data og ai
air condition og byggteknologi,mekanisk feilsøking /vedlikehold,Undirected,kunnskap innen varme,Data og ai
ventilasjon,systemoptimering,Undirected,kunnskap innen varme,Data og ai
ventilasjon,kuldeteknikk,Undirected,kunnskap innen varme,Data og ai
ventilasjon,pumper,Undirected,kunnskap innen varme,Data og ai
ventilasjon,norsk,Undirected,kunnskap innen varme,Data og ai
ventilasjon,reparasjon,Undirected,kunnskap innen varme,Data og ai
ventilasjon,mekanisk feilsøking /vedlikehold,Undirected,kunnskap innen varme,Data og ai
systemoptimering,kuldeteknikk,Undirected,kunnskap innen varme,Data og ai
systemoptimering,pumper,Undirected,kunnskap innen varme,Data og ai
systemoptimering,norsk,Undirected,kunnskap innen varme,Data og ai
systemoptimering,reparasjon,Undirected,kunnskap innen varme,Data og ai
systemoptimering,mekanisk feilsøking /vedlikehold,Undirected,kunnskap innen varme,Data og ai
kuldeteknikk,pumper,Undirected,kunnskap innen varme,Data og ai
kuldeteknikk,norsk,Undirected,kunnskap innen varme,Data og ai
kuldeteknikk,reparasjon,Undirected,kunnskap innen varme,Data og ai
kuldeteknikk,mekanisk feilsøking /vedlikehold,Undirected,kunnskap innen varme,Data og ai
pumper,norsk,Undirected,kunnskap innen varme,Data og ai
pumper,reparasjon,Undirected,kunnskap innen varme,Data og ai
pumper,mekanisk feilsøking /vedlikehold,Undirected,kunnskap innen varme,Data og ai
norsk,reparasjon,Undirected,kunnskap innen varme,Data og ai
norsk,mekanisk feilsøking /vedlikehold,Undirected,kunnskap innen varme,Data og ai
reparasjon,mekanisk feilsøking /vedlikehold,Undirected,kunnskap innen varme,Data og ai
sikkerhetsregler,servicearbeid,Undirected,Drift og vedlikeholdstjenester,Data og ai
sikkerhetsregler,elektroindustri (bransje),Undirected,Drift og vedlikeholdstjenester,Data og ai
sikkerhetsregler,forskrifter,Undirected,Drift og vedlikeholdstjenester,Data og ai
sikkerhetsregler,elektriske høyspenningsinstallasjoner,Undirected,Drift og vedlikeholdstjenester,Data og ai
sikkerhetsregler,fse lav- og høyspenning,Undirected,Drift og vedlikeholdstjenester,Data og ai
servicearbeid,elektroindustri (bransje),Undirected,Drift og vedlikeholdstjenester,Data og ai
servicearbeid,forskrifter,Undirected,Drift og vedlikeholdstjenester,Data og ai
servicearbeid,elektriske høyspenningsinstallasjoner,Undirected,Drift og vedlikeholdstjenester,Data og ai
servicearbeid,fse lav- og høyspenning,Undirected,Drift og vedlikeholdstjenester,Data og ai
elektroindustri (bransje),forskrifter,Undirected,Drift og vedlikeholdstjenester,Data og ai
elektroindustri (bransje),elektriske høyspenningsinstallasjoner,Undirected,Drift og vedlikeholdstjenester,Data og ai
elektroindustri (bransje),fse lav- og høyspenning,Undirected,Drift og vedlikeholdstjenester,Data og ai
forskrifter,elektriske høyspenningsinstallasjoner,Undirected,Drift og vedlikeholdstjenester,Data og ai
forskrifter,fse lav- og høyspenning,Undirected,Drift og vedlikeholdstjenester,Data og ai
elektriske høyspenningsinstallasjoner,fse lav- og høyspenning,Undirected,Drift og vedlikeholdstjenester,Data og ai
erp-systemer,internkontroll,Undirected,Helse og omsorg,Data og ai
erp-systemer,finansiell revisjon,Undirected,Helse og omsorg,Data og ai
erp-systemer,konsolidert finansregnskap,Undirected,Helse og omsorg,Data og ai
erp-systemer,rapportering,Undirected,Helse og omsorg,Data og ai
erp-systemer,finansiell rapportering,Undirected,Helse og omsorg,Data og ai
erp-systemer,bokføring,Undirected,Helse og omsorg,Data og ai
erp-systemer,internprising,Undirected,Helse og omsorg,Data og ai
internkontroll,finansiell revisjon,Undirected,Helse og omsorg,Data og ai
internkontroll,konsolidert finansregnskap,Undirected,Helse og omsorg,Data og ai
internkontroll,rapportering,Undirected,Helse og omsorg,Data og ai
internkontroll,finansiell rapportering,Undirected,Helse og omsorg,Data og ai
internkontroll,bokføring,Undirected,Helse og omsorg,Data og ai
internkontroll,internprising,Undirected,Helse og omsorg,Data og ai
finansiell revisjon,konsolidert finansregnskap,Undirected,Helse og omsorg,Data og ai
finansiell revisjon,rapportering,Undirected,Helse og omsorg,Data og ai
finansiell revisjon,finansiell rapportering,Undirected,Helse og omsorg,Data og ai
finansiell revisjon,bokføring,Undirected,Helse og omsorg,Data og ai
finansiell revisjon,internprising,Undirected,Helse og omsorg,Data og ai
konsolidert finansregnskap,rapportering,Undirected,Helse og omsorg,Data og ai
konsolidert finansregnskap,finansiell rapportering,Undirected,Helse og omsorg,Data og ai
konsolidert finansregnskap,bokføring,Undirected,Helse og omsorg,Data og ai
konsolidert finansregnskap,internprising,Undirected,Helse og omsorg,Data og ai
rapportering,finansiell rapportering,Undirected,Helse og omsorg,Data og ai
rapportering,bokføring,Undirected,Helse og omsorg,Data og ai
rapportering,internprising,Undirected,Helse og omsorg,Data og ai
finansiell rapportering,bokføring,Undirected,Helse og omsorg,Data og ai
finansiell rapportering,internprising,Undirected,Helse og omsorg,Data og ai
bokføring,internprising,Undirected,Helse og omsorg,Data og ai
produktdesign,brukeropplevelse,Undirected,HR,Analytic engineer
produktdesign,interativ designmetode,Undirected,HR,Analytic engineer
produktdesign,brukbarhetstesting,Undirected,HR,Analytic engineer
produktdesign,brukerforskning,Undirected,HR,Analytic engineer
produktdesign,interaksjonsdesign,Undirected,HR,Analytic engineer
produktdesign,norsk,Undirected,HR,Analytic engineer
brukeropplevelse,interativ designmetode,Undirected,HR,Analytic engineer
brukeropplevelse,brukbarhetstesting,Undirected,HR,Analytic engineer
brukeropplevelse,brukerforskning,Undirected,HR,Analytic engineer
brukeropplevelse,interaksjonsdesign,Undirected,HR,Analytic engineer
brukeropplevelse,norsk,Undirected,HR,Analytic engineer
interativ designmetode,brukbarhetstesting,Undirected,HR,Analytic engineer
interativ designmetode,brukerforskning,Undirected,HR,Analytic engineer
interativ designmetode,interaksjonsdesign,Undirected,HR,Analytic engineer
interativ designmetode,norsk,Undirected,HR,Analytic engineer
brukbarhetstesting,brukerforskning,Undirected,HR,Analytic engineer
brukbarhetstesting,interaksjonsdesign,Undirected,HR,Analytic engineer
brukbarhetstesting,norsk,Undirected,HR,Analytic engineer
brukerforskning,interaksjonsdesign,Undirected,HR,Analytic engineer
brukerforskning,norsk,Undirected,HR,Analytic engineer
interaksjonsdesign,norsk,Undirected,HR,Analytic engineer
leting og produksjon av olje,prosessteknikk,Undirected,Kraft og energi,Analytic engineer
leting og produksjon av olje,miljøkonsekvensanalyse,Undirected,Kraft og energi,Analytic engineer
leting og produksjon av olje,norsk,Undirected,Kraft og energi,Analytic engineer
leting og produksjon av olje,analysere data,Undirected,Kraft og energi,Analytic engineer
prosessteknikk,miljøkonsekvensanalyse,Undirected,Kraft og energi,Analytic engineer
prosessteknikk,norsk,Undirected,Kraft og energi,Analytic engineer
prosessteknikk,analysere data,Undirected,Kraft og energi,Analytic engineer
miljøkonsekvensanalyse,norsk,Undirected,Kraft og energi,Analytic engineer
miljøkonsekvensanalyse,analysere data,Undirected,Kraft og energi,Analytic engineer
norsk,analysere data,Undirected,Kraft og energi,Analytic engineer
it infrastructure management,servicenow,Undirected,Farmasi og legemiddel,Analytic engineer
it infrastructure management,active directory (it-nettverk),Undirected,Farmasi og legemiddel,Analytic engineer
it infrastructure management,tidsplanlegging,Undirected,Farmasi og legemiddel,Analytic engineer
it infrastructure management,microsoft active directory (ad),Undirected,Farmasi og legemiddel,Analytic engineer
it infrastructure management,prosjekt,Undirected,Farmasi og legemiddel,Analytic engineer
it infrastructure management,vmware esx,Undirected,Farmasi og legemiddel,Analytic engineer
it infrastructure management,disaster recovery (ikt),Undirected,Farmasi og legemiddel,Analytic engineer
it infrastructure management,operating system (ict),Undirected,Farmasi og legemiddel,Analytic engineer
servicenow,active directory (it-nettverk),Undirected,Farmasi og legemiddel,Analytic engineer
servicenow,tidsplanlegging,Undirected,Farmasi og legemiddel,Analytic engineer
servicenow,microsoft active directory (ad),Undirected,Farmasi og legemiddel,Analytic engineer
servicenow,prosjekt,Undirected,Farmasi og legemiddel,Analytic engineer
servicenow,vmware esx,Undirected,Farmasi og legemiddel,Analytic engineer
servicenow,disaster recovery (ikt),Undirected,Farmasi og legemiddel,Analytic engineer
servicenow,operating system (ict),Undirected,Farmasi og legemiddel,Analytic engineer
active directory (it-nettverk),tidsplanlegging,Undirected,Farmasi og legemiddel,Analytic engineer
active directory (it-nettverk),microsoft active directory (ad),Undirected,Farmasi og legemiddel,Analytic engineer
active directory (it-nettverk),prosjekt,Undirected,Farmasi og legemiddel,Analytic engineer
active directory (it-nettverk),vmware esx,Undirected,Farmasi og legemiddel,Analytic engineer
active directory (it-nettverk),disaster recovery (ikt),Undirected,Farmasi og legemiddel,Analytic engineer
active directory (it-nettverk),operating system (ict),Undirected,Farmasi og legemiddel,Analytic engineer
tidsplanlegging,microsoft active directory (ad),Undirected,Farmasi og legemiddel,Analytic engineer
tidsplanlegging,prosjekt,Undirected,Farmasi og legemiddel,Analytic engineer
tidsplanlegging,vmware esx,Undirected,Farmasi og legemiddel,Analytic engineer
tidsplanlegging,disaster recovery (ikt),Undirected,Farmasi og legemiddel,Analytic engineer
tidsplanlegging,operating system (ict),Undirected,Farmasi og legemiddel,Analytic engineer
microsoft active directory (ad),prosjekt,Undirected,Farmasi og legemiddel,Analytic engineer
microsoft active directory (ad),vmware esx,Undirected,Farmasi og legemiddel,Analytic engineer
microsoft active directory (ad),disaster recovery (ikt),Undirected,Farmasi og legemiddel,Analytic engineer
microsoft active directory (ad),operating system (ict),Undirected,Farmasi og legemiddel,Analytic engineer
prosjekt,vmware esx,Undirected,Farmasi og legemiddel,Analytic engineer
prosjekt,disaster recovery (ikt),Undirected,Farmasi og legemiddel,Analytic engineer
prosjekt,operating system (ict),Undirected,Farmasi og legemiddel,Analytic engineer
vmware esx,disaster recovery (ikt),Undirected,Farmasi og legemiddel,Analytic engineer
vmware esx,operating system (ict),Undirected,Farmasi og legemiddel,Analytic engineer
disaster recovery (ikt),operating system (ict),Undirected,Farmasi og legemiddel,Analytic engineer
atlassian jira,kjennskap til skyplattformer,Undirected,Bank,Analytic engineer
atlassian jira,risikostyring,Undirected,Bank,Analytic engineer
atlassian jira,produkteier,Undirected,Bank,Analytic engineer
atlassian jira,kunnskap om relevante lover og forskrifter,Undirected,Bank,Analytic engineer
atlassian jira,produktkø (product backlog),Undirected,Bank,Analytic engineer
kjennskap til skyplattformer,risikostyring,Undirected,Bank,Analytic engineer
kjennskap til skyplattformer,produkteier,Undirected,Bank,Analytic engineer
kjennskap til skyplattformer,kunnskap om relevante lover og forskrifter,Undirected,Bank,Analytic engineer
kjennskap til skyplattformer,produktkø (product backlog),Undirected,Bank,Analytic engineer
risikostyring,produkteier,Undirected,Bank,Analytic engineer
risikostyring,kunnskap om relevante lover og forskrifter,Undirected,Bank,Analytic engineer
risikostyring,produktkø (product backlog),Undirected,Bank,Analytic engineer
produkteier,kunnskap om relevante lover og forskrifter,Undirected,Bank,Analytic engineer
produkteier,produktkø (product backlog),Undirected,Bank,Analytic engineer
kunnskap om relevante lover og forskrifter,produktkø (product backlog),Undirected,Bank,Analytic engineer
data modeling,backend webutvikling,Undirected,Butikk og varehandel,Analytic engineer
data modeling,forbedre datakvalitet,Undirected,Butikk og varehandel,Analytic engineer
data modeling,python (dataprogrammering),Undirected,Butikk og varehandel,Analytic engineer
data modeling,programvareintegrasjon,Undirected,Butikk og varehandel,Analytic engineer
data modeling,software engineering,Undirected,Butikk og varehandel,Analytic engineer
backend webutvikling,forbedre datakvalitet,Undirected,Butikk og varehandel,Analytic engineer
backend webutvikling,python (dataprogrammering),Undirected,Butikk og varehandel,Analytic engineer
backend webutvikling,programvareintegrasjon,Undirected,Butikk og varehandel,Analytic engineer
backend webutvikling,software engineering,Undirected,Butikk og varehandel,Analytic engineer
forbedre datakvalitet,python (dataprogrammering),Undirected,Butikk og varehandel,Analytic engineer
forbedre datakvalitet,programvareintegrasjon,Undirected,Butikk og varehandel,Analytic engineer
forbedre datakvalitet,software engineering,Undirected,Butikk og varehandel,Analytic engineer
python (dataprogrammering),programvareintegrasjon,Undirected,Butikk og varehandel,Analytic engineer
python (dataprogrammering),software engineering,Undirected,Butikk og varehandel,Analytic engineer
programvareintegrasjon,software engineering,Undirected,Butikk og varehandel,Analytic engineer
statistikk,programmeringsspråk,Undirected,IT,Analytic engineer
statistikk,regresjonsanalyse,Undirected,IT,Analytic engineer
statistikk,behandle data,Undirected,IT,Analytic engineer
statistikk,databaseadministrasjon,Undirected,IT,Analytic engineer
statistikk,fullstack utvikler,Undirected,IT,Analytic engineer
statistikk,moderne software-utvikling,Undirected,IT,Analytic engineer
programmeringsspråk,regresjonsanalyse,Undirected,IT,Analytic engineer
programmeringsspråk,behandle data,Undirected,IT,Analytic engineer
programmeringsspråk,databaseadministrasjon,Undirected,IT,Analytic engineer
programmeringsspråk,fullstack utvikler,Undirected,IT,Analytic engineer
programmeringsspråk,moderne software-utvikling,Undirected,IT,Analytic engineer
regresjonsanalyse,behandle data,Undirected,IT,Analytic engineer
regresjonsanalyse,databaseadministrasjon,Undirected,IT,Analytic engineer
regresjonsanalyse,fullstack utvikler,Undirected,IT,Analytic engineer
regresjonsanalyse,moderne software-utvikling,Undirected,IT,Analytic engineer
behandle data,databaseadministrasjon,Undirected,IT,Analytic engineer
behandle data,fullstack utvikler,Undirected,IT,Analytic engineer
behandle data,moderne software-utvikling,Undirected,IT,Analytic engineer
databaseadministrasjon,fullstack utvikler,Undirected,IT,Analytic engineer
databaseadministrasjon,moderne software-utvikling,Undirected,IT,Analytic engineer
fullstack utvikler,moderne software-utvikling,Undirected,IT,Analytic engineer
python (dataprogrammering),power bi,Undirected,Industri og produksjon,Analytic engineer
python (dataprogrammering),ingeniørarbeid,Undirected,Industri og produksjon,Analytic engineer
python (dataprogrammering),ingeniørkunst,Undirected,Industri og produksjon,Analytic engineer
python (dataprogrammering),sql,Undirected,Industri og produksjon,Analytic engineer
python (dataprogrammering),analysere data,Undirected,Industri og produksjon,Analytic engineer
power bi,ingeniørarbeid,Undirected,Industri og produksjon,Analytic engineer
power bi,ingeniørkunst,Undirected,Industri og produksjon,Analytic engineer
power bi,sql,Undirected,Industri og produksjon,Analytic engineer
power bi,analysere data,Undirected,Industri og produksjon,Analytic engineer
ingeniørarbeid,ingeniørkunst,Undirected,Industri og produksjon,Analytic engineer
ingeniørarbeid,sql,Undirected,Industri og produksjon,Analytic engineer
ingeniørarbeid,analysere data,Undirected,Industri og produksjon,Analytic engineer
ingeniørkunst,sql,Undirected,Industri og produksjon,Analytic engineer
ingeniørkunst,analysere data,Undirected,Industri og produksjon,Analytic engineer
sql,analysere data,Undirected,Industri og produksjon,Analytic engineer
go,dataintegrasjonsprosesser,Undirected,IT,Analytic engineer
go,sql,Undirected,IT,Analytic engineer
go,development of data pipelines,Undirected,IT,Analytic engineer
dataintegrasjonsprosesser,sql,Undirected,IT,Analytic engineer
dataintegrasjonsprosesser,development of data pipelines,Undirected,IT,Analytic engineer
devops,sql,Undirected,Helse og omsorg,Analytic engineer
devops,azure ad,Undirected,Helse og omsorg,Analytic engineer
devops,c#.net,Undirected,Helse og omsorg,Analytic engineer
devops,k8s,Undirected,Helse og omsorg,Analytic engineer
devops,fullstack utvikler,Undirected,Helse og omsorg,Analytic engineer
devops,react.js,Undirected,Helse og omsorg,Analytic engineer
sql,azure ad,Undirected,Helse og omsorg,Analytic engineer
sql,c#.net,Undirected,Helse og omsorg,Analytic engineer
sql,k8s,Undirected,Helse og omsorg,Analytic engineer
sql,fullstack utvikler,Undirected,Helse og omsorg,Analytic engineer
sql,react.js,Undirected,Helse og omsorg,Analytic engineer
azure ad,c#.net,Undirected,Helse og omsorg,Analytic engineer
azure ad,k8s,Undirected,Helse og omsorg,Analytic engineer
azure ad,fullstack utvikler,Undirected,Helse og omsorg,Analytic engineer
azure ad,react.js,Undirected,Helse og omsorg,Analytic engineer
c#.net,k8s,Undirected,Helse og omsorg,Analytic engineer
c#.net,fullstack utvikler,Undirected,Helse og omsorg,Analytic engineer
c#.net,react.js,Undirected,Helse og omsorg,Analytic engineer
k8s,fullstack utvikler,Undirected,Helse og omsorg,Analytic engineer
k8s,react.js,Undirected,Helse og omsorg,Analytic engineer
fullstack utvikler,react.js,Undirected,Helse og omsorg,Analytic engineer
nettverksinfrastruktur,user support,Undirected,Kraft og energi,Data Science
nettverksinfrastruktur,microsoft 365,Undirected,Kraft og energi,Data Science
nettverksinfrastruktur,microsoft 365 sharepoint,Undirected,Kraft og energi,Data Science
nettverksinfrastruktur,microsoft teams,Undirected,Kraft og energi,Data Science
nettverksinfrastruktur,microsoft windows,Undirected,Kraft og energi,Data Science
nettverksinfrastruktur,mobile devices,Undirected,Kraft og energi,Data Science
nettverksinfrastruktur,operating system (ict),Undirected,Kraft og energi,Data Science
user support,microsoft 365,Undirected,Kraft og energi,Data Science
user support,microsoft 365 sharepoint,Undirected,Kraft og energi,Data Science
user support,microsoft teams,Undirected,Kraft og energi,Data Science
user support,microsoft windows,Undirected,Kraft og energi,Data Science
user support,mobile devices,Undirected,Kraft og energi,Data Science
user support,operating system (ict),Undirected,Kraft og energi,Data Science
microsoft 365,microsoft 365 sharepoint,Undirected,Kraft og energi,Data Science
microsoft 365,microsoft teams,Undirected,Kraft og energi,Data Science
microsoft 365,microsoft windows,Undirected,Kraft og energi,Data Science
microsoft 365,mobile devices,Undirected,Kraft og energi,Data Science
microsoft 365,operating system (ict),Undirected,Kraft og energi,Data Science
microsoft 365 sharepoint,microsoft teams,Undirected,Kraft og energi,Data Science
microsoft 365 sharepoint,microsoft windows,Undirected,Kraft og energi,Data Science
microsoft 365 sharepoint,mobile devices,Undirected,Kraft og energi,Data Science
microsoft 365 sharepoint,operating system (ict),Undirected,Kraft og energi,Data Science
microsoft teams,microsoft windows,Undirected,Kraft og energi,Data Science
microsoft teams,mobile devices,Undirected,Kraft og energi,Data Science
microsoft teams,operating system (ict),Undirected,Kraft og energi,Data Science
microsoft windows,mobile devices,Undirected,Kraft og energi,Data Science
microsoft windows,operating system (ict),Undirected,Kraft og energi,Data Science
mobile devices,operating system (ict),Undirected,Kraft og energi,Data Science
flowcytometri,bioingeniørfaglig kompetanse,Undirected,Forskning,Data Science
flowcytometri,cellekultivering,Undirected,Forskning,Data Science
flowcytometri,genteknologi,Undirected,Forskning,Data Science
flowcytometri,vitenskapelig forskning,Undirected,Forskning,Data Science
flowcytometri,gmp (good manufacturing practice),Undirected,Forskning,Data Science
flowcytometri,molekylærbiologi,Undirected,Forskning,Data Science
bioingeniørfaglig kompetanse,cellekultivering,Undirected,Forskning,Data Science
bioingeniørfaglig kompetanse,genteknologi,Undirected,Forskning,Data Science
bioingeniørfaglig kompetanse,vitenskapelig forskning,Undirected,Forskning,Data Science
bioingeniørfaglig kompetanse,gmp (good manufacturing practice),Undirected,Forskning,Data Science
cellekultivering,genteknologi,Undirected,Forskning,Data Science
cellekultivering,vitenskapelig forskning,Undirected,Forskning,Data Science
cellekultivering,gmp (good manufacturing practice),Undirected,Forskning,Data Science
cellekultivering,molekylærbiologi,Undirected,Forskning,Data Science
genteknologi,vitenskapelig forskning,Undirected,Forskning,Data Science
genteknologi,gmp (good manufacturing practice),Undirected,Forskning,Data Science
genteknologi,molekylærbiologi,Undirected,Forskning,Data Science
vitenskapelig forskning,gmp (good manufacturing practice),Undirected,Forskning,Data Science
vitenskapelig forskning,molekylærbiologi,Undirected,Forskning,Data Science
gmp (good manufacturing practice),molekylærbiologi,Undirected,Forskning,Data Science
tilbakemelding fra kunde,general data protection regulation (gdpr),Undirected,Konsulent og rådgivning,Data Science
tilbakemelding fra kunde,rapportering,Undirected,Konsulent og rådgivning,Data Science
tilbakemelding fra kunde,gjennomføre kvalitative undersøkelser,Undirected,Konsulent og rådgivning,Data Science
tilbakemelding fra kunde,ledelse,Undirected,Konsulent og rådgivning,Data Science
tilbakemelding fra kunde,qualtrics,Undirected,Konsulent og rådgivning,Data Science
tilbakemelding fra kunde,automatisering,Undirected,Konsulent og rådgivning,Data Science
tilbakemelding fra kunde,kpi-rapporter,Undirected,Konsulent og rådgivning,Data Science
general data protection regulation (gdpr),rapportering,Undirected,Konsulent og rådgivning,Data Science
general data protection regulation (gdpr),gjennomføre kvalitative undersøkelser,Undirected,Konsulent og rådgivning,Data Science
general data protection regulation (gdpr),ledelse,Undirected,Konsulent og rådgivning,Data Science
general data protection regulation (gdpr),qualtrics,Undirected,Konsulent og rådgivning,Data Science
general data protection regulation (gdpr),automatisering,Undirected,Konsulent og rådgivning,Data Science
general data protection regulation (gdpr),kpi-rapporter,Undirected,Konsulent og rådgivning,Data Science
rapportering,gjennomføre kvalitative undersøkelser,Undirected,Konsulent og rådgivning,Data Science
rapportering,ledelse,Undirected,Konsulent og rådgivning,Data Science
rapportering,qualtrics,Undirected,Konsulent og rådgivning,Data Science
rapportering,automatisering,Undirected,Konsulent og rådgivning,Data Science
rapportering,kpi-rapporter,Undirected,Konsulent og rådgivning,Data Science
gjennomføre kvalitative undersøkelser,ledelse,Undirected,Konsulent og rådgivning,Data Science
gjennomføre kvalitative undersøkelser,qualtrics,Undirected,Konsulent og rådgivning,Data Science
gjennomføre kvalitative undersøkelser,automatisering,Undirected,Konsulent og rådgivning,Data Science
gjennomføre kvalitative undersøkelser,kpi-rapporter,Undirected,Konsulent og rådgivning,Data Science
ledelse,qualtrics,Undirected,Konsulent og rådgivning,Data Science
ledelse,automatisering,Undirected,Konsulent og rådgivning,Data Science
ledelse,kpi-rapporter,Undirected,Konsulent og rådgivning,Data Science
qualtrics,automatisering,Undirected,Konsulent og rådgivning,Data Science
qualtrics,kpi-rapporter,Undirected,Konsulent og rådgivning,Data Science
automatisering,kpi-rapporter,Undirected,Konsulent og rådgivning,Data Science
matlab,matematisk modellering,Undirected,IT,Data Science
matlab,python (dataprogrammering),Undirected,IT,Data Science
matlab,behersker root cause analysis,Undirected,IT,Data Science
matlab,kybernetikk,Undirected,IT,Data Science
matlab,robotikk,Undirected,IT,Data Science
matematisk modellering,python (dataprogrammering),Undirected,IT,Data Science
matematisk modellering,behersker root cause analysis,Undirected,IT,Data Science
matematisk modellering,kybernetikk,Undirected,IT,Data Science
matematisk modellering,robotikk,Undirected,IT,Data Science
python (dataprogrammering),behersker root cause analysis,Undirected,IT,Data Science
python (dataprogrammering),kybernetikk,Undirected,IT,Data Science
python (dataprogrammering),robotikk,Undirected,IT,Data Science
behersker root cause analysis,kybernetikk,Undirected,IT,Data Science
behersker root cause analysis,robotikk,Undirected,IT,Data Science
kybernetikk,robotikk,Undirected,IT,Data Science
it infrastructure management,systemadministrasjon,Undirected,Forsvar og militær,Data Science
it infrastructure management,it-operasjoner,Undirected,Forsvar og militær,Data Science
it infrastructure management,user support,Undirected,Forsvar og militær,Data Science
it infrastructure management,ikt-infrastruktur,Undirected,Forsvar og militær,Data Science
it infrastructure management,disaster recovery (ikt),Undirected,Forsvar og militær,Data Science
it infrastructure management,cybersikkerhet,Undirected,Forsvar og militær,Data Science
systemadministrasjon,it-operasjoner,Undirected,Forsvar og militær,Data Science
systemadministrasjon,user support,Undirected,Forsvar og militær,Data Science
systemadministrasjon,ikt-infrastruktur,Undirected,Forsvar og militær,Data Science
systemadministrasjon,disaster recovery (ikt),Undirected,Forsvar og militær,Data Science
systemadministrasjon,cybersikkerhet,Undirected,Forsvar og militær,Data Science
it-operasjoner,user support,Undirected,Forsvar og militær,Data Science
it-operasjoner,ikt-infrastruktur,Undirected,Forsvar og militær,Data Science
it-operasjoner,disaster recovery (ikt),Undirected,Forsvar og militær,Data Science
it-operasjoner,cybersikkerhet,Undirected,Forsvar og militær,Data Science
user support,ikt-infrastruktur,Undirected,Forsvar og militær,Data Science
user support,disaster recovery (ikt),Undirected,Forsvar og militær,Data Science
user support,cybersikkerhet,Undirected,Forsvar og militær,Data Science
ikt-infrastruktur,disaster recovery (ikt),Undirected,Forsvar og militær,Data Science
ikt-infrastruktur,cybersikkerhet,Undirected,Forsvar og militær,Data Science
disaster recovery (ikt),cybersikkerhet,Undirected,Forsvar og militær,Data Science
dyreproduksjonsvitenskap,modellering og simulering,Undirected,Forskning,Data Science
dyreproduksjonsvitenskap,statistiske- og dataanalysemetoder,Undirected,Forskning,Data Science
dyreproduksjonsvitenskap,hold av melkekyr,Undirected,Forskning,Data Science
modellering og simulering,statistiske- og dataanalysemetoder,Undirected,Forskning,Data Science
modellering og simulering,hold av melkekyr,Undirected,Forskning,Data Science
statistiske- og dataanalysemetoder,hold av melkekyr,Undirected,Forskning,Data Science
microservices,sql,Undirected,Fiskeri og oppdrett,Data Science
microservices,azure ad,Undirected,Fiskeri og oppdrett,Data Science
microservices,database,Undirected,Fiskeri og oppdrett,Data Science
microservices,rust (programming language),Undirected,Fiskeri og oppdrett,Data Science
sql,azure ad,Undirected,Fiskeri og oppdrett,Data Science
sql,database,Undirected,Fiskeri og oppdrett,Data Science
sql,rust (programming language),Undirected,Fiskeri og oppdrett,Data Science
azure ad,database,Undirected,Fiskeri og oppdrett,Data Science
azure ad,rust (programming language),Undirected,Fiskeri og oppdrett,Data Science
database,rust (programming language),Undirected,Fiskeri og oppdrett,Data Science
ingeniørarbeid,detalj prosjektering/ engineering elektro,Undirected,Kraft og energi,Data Science
ingeniørarbeid,automatisering,Undirected,Kraft og energi,Data Science
ingeniørarbeid,materialteknologi,Undirected,Kraft og energi,Data Science
ingeniørarbeid,tekniske egenskaper,Undirected,Kraft og energi,Data Science
detalj prosjektering/ engineering elektro,automatisering,Undirected,Kraft og energi,Data Science
detalj prosjektering/ engineering elektro,materialteknologi,Undirected,Kraft og energi,Data Science
detalj prosjektering/ engineering elektro,tekniske egenskaper,Undirected,Kraft og energi,Data Science
automatisering,materialteknologi,Undirected,Kraft og energi,Data Science
automatisering,tekniske egenskaper,Undirected,Kraft og energi,Data Science
materialteknologi,tekniske egenskaper,Undirected,Kraft og energi,Data Science
røkting,publisere akademisk forskning,Undirected,Forskning,Data Science
røkting,behandle data,Undirected,Forskning,Data Science
røkting,datainnsamling og analyse,Undirected,Forskning,Data Science
røkting,dyreforsøk,Undirected,Forskning,Data Science
publisere akademisk forskning,behandle data,Undirected,Forskning,Data Science
publisere akademisk forskning,datainnsamling og analyse,Undirected,Forskning,Data Science
publisere akademisk forskning,dyreforsøk,Undirected,Forskning,Data Science
behandle data,datainnsamling og analyse,Undirected,Forskning,Data Science
behandle data,dyreforsøk,Undirected,Forskning,Data Science
datainnsamling og analyse,dyreforsøk,Undirected,Forskning,Data Science
økologi,r,Undirected,Forskning,Data Science
økologi,oseanografi,Undirected,Forskning,Data Science
økologi,statistikk,Undirected,Forskning,Data Science
r,oseanografi,Undirected,Forskning,Data Science
r,statistikk,Undirected,Forskning,Data Science
oseanografi,statistikk,Undirected,Forskning,Data Science
utvikling av digitale verktøy,rør- og instrumenteringsdiagrammer,Undirected,Industri og produksjon,Data Science
utvikling av digitale verktøy,formell og systematisk dokumentasjon,Undirected,Industri og produksjon,Data Science
utvikling av digitale verktøy,kvalitetssikring,Undirected,Industri og produksjon,Data Science
utvikling av digitale verktøy,simulering,Undirected,Industri og produksjon,Data Science
utvikling av digitale verktøy,ingeniørarbeid,Undirected,Industri og produksjon,Data Science
utvikling av digitale verktøy,datainnsamling og analyse,Undirected,Industri og produksjon,Data Science
utvikling av digitale verktøy,utvikle brukergrensesnitt,Undirected,Industri og produksjon,Data Science
rør- og instrumenteringsdiagrammer,formell og systematisk dokumentasjon,Undirected,Industri og produksjon,Data Science
rør- og instrumenteringsdiagrammer,kvalitetssikring,Undirected,Industri og produksjon,Data Science
rør- og instrumenteringsdiagrammer,simulering,Undirected,Industri og produksjon,Data Science
rør- og instrumenteringsdiagrammer,ingeniørarbeid,Undirected,Industri og produksjon,Data Science
rør- og instrumenteringsdiagrammer,datainnsamling og analyse,Undirected,Industri og produksjon,Data Science
rør- og instrumenteringsdiagrammer,utvikle brukergrensesnitt,Undirected,Industri og produksjon,Data Science
formell og systematisk dokumentasjon,kvalitetssikring,Undirected,Industri og produksjon,Data Science
formell og systematisk dokumentasjon,simulering,Undirected,Industri og produksjon,Data Science
formell og systematisk dokumentasjon,ingeniørarbeid,Undirected,Industri og produksjon,Data Science
formell og systematisk dokumentasjon,datainnsamling og analyse,Undirected,Industri og produksjon,Data Science
formell og systematisk dokumentasjon,utvikle brukergrensesnitt,Undirected,Industri og produksjon,Data Science
kvalitetssikring,simulering,Undirected,Industri og produksjon,Data Science
kvalitetssikring,ingeniørarbeid,Undirected,Industri og produksjon,Data Science
kvalitetssikring,datainnsamling og analyse,Undirected,Industri og produksjon,Data Science
kvalitetssikring,utvikle brukergrensesnitt,Undirected,Industri og produksjon,Data Science
simulering,ingeniørarbeid,Undirected,Industri og produksjon,Data Science
simulering,datainnsamling og analyse,Undirected,Industri og produksjon,Data Science
simulering,utvikle brukergrensesnitt,Undirected,Industri og produksjon,Data Science
ingeniørarbeid,datainnsamling og analyse,Undirected,Industri og produksjon,Data Science
ingeniørarbeid,utvikle brukergrensesnitt,Undirected,Industri og produksjon,Data Science
datainnsamling og analyse,utvikle brukergrensesnitt,Undirected,Industri og produksjon,Data Science
gjennomføring av studier,undersøkelser og eksamener,Undirected,Forskning,Data Science
gjennomføring av studier,politikkstudier,Undirected,Forskning,Data Science
gjennomføring av studier,gjennomføre kvalitative undersøkelser,Undirected,Forskning,Data Science
gjennomføring av studier,litteratursøk,Undirected,Forskning,Data Science
gjennomføring av studier,nordisk spåk,Undirected,Forskning,Data Science
undersøkelser og eksamener,politikkstudier,Undirected,Forskning,Data Science
undersøkelser og eksamener,gjennomføre kvalitative undersøkelser,Undirected,Forskning,Data Science
undersøkelser og eksamener,litteratursøk,Undirected,Forskning,Data Science
undersøkelser og eksamener,nordisk spåk,Undirected,Forskning,Data Science
politikkstudier,gjennomføre kvalitative undersøkelser,Undirected,Forskning,Data Science
politikkstudier,litteratursøk,Undirected,Forskning,Data Science
politikkstudier,nordisk spåk,Undirected,Forskning,Data Science
gjennomføre kvalitative undersøkelser,litteratursøk,Undirected,Forskning,Data Science
gjennomføre kvalitative undersøkelser,nordisk spåk,Undirected,Forskning,Data Science
litteratursøk,nordisk spåk,Undirected,Forskning,Data Science
epidemiologi,gårdsarbeid,Undirected,Dyr og dyrehelse,Data Science
epidemiologi,utforme spørreskjemaer,Undirected,Dyr og dyrehelse,Data Science
epidemiologi,økologi,Undirected,Dyr og dyrehelse,Data Science
epidemiologi,biologi,Undirected,Dyr og dyrehelse,Data Science
gårdsarbeid,utforme spørreskjemaer,Undirected,Dyr og dyrehelse,Data Science
gårdsarbeid,økologi,Undirected,Dyr og dyrehelse,Data Science
gårdsarbeid,biologi,Undirected,Dyr og dyrehelse,Data Science
utforme spørreskjemaer,økologi,Undirected,Dyr og dyrehelse,Data Science
utforme spørreskjemaer,biologi,Undirected,Dyr og dyrehelse,Data Science
økologi,biologi,Undirected,Dyr og dyrehelse,Data Science
digital signalbehandling,c++ (programming language),Undirected,Elektronikk,Data Science
digital signalbehandling,nettverkskonsepter,Undirected,Elektronikk,Data Science
digital signalbehandling,embedded linux,Undirected,Elektronikk,Data Science
c++ (programming language),nettverkskonsepter,Undirected,Elektronikk,Data Science
c++ (programming language),embedded linux,Undirected,Elektronikk,Data Science
nettverkskonsepter,embedded linux,Undirected,Elektronikk,Data Science
nettverkskonsepter,behandling av ikt-feil,Undirected,Bank,Data Science
nettverkskonsepter,it infrastructure library (itil),Undirected,Bank,Data Science
nettverkskonsepter,ci/cd (continuous integration and continuous delivery),Undirected,Bank,Data Science
nettverkskonsepter,data struktur,Undirected,Bank,Data Science
nettverkskonsepter,jenkins (software),Undirected,Bank,Data Science
nettverkskonsepter,programvaredesign,Undirected,Bank,Data Science
nettverkskonsepter,algoritmer,Undirected,Bank,Data Science
behandling av ikt-feil,it infrastructure library (itil),Undirected,Bank,Data Science
behandling av ikt-feil,ci/cd (continuous integration and continuous delivery),Undirected,Bank,Data Science
behandling av ikt-feil,data struktur,Undirected,Bank,Data Science
behandling av ikt-feil,jenkins (software),Undirected,Bank,Data Science
behandling av ikt-feil,programvaredesign,Undirected,Bank,Data Science
behandling av ikt-feil,algoritmer,Undirected,Bank,Data Science
it infrastructure library (itil),ci/cd (continuous integration and continuous delivery),Undirected,Bank,Data Science
it infrastructure library (itil),data struktur,Undirected,Bank,Data Science
it infrastructure library (itil),jenkins (software),Undirected,Bank,Data Science
it infrastructure library (itil),programvaredesign,Undirected,Bank,Data Science
it infrastructure library (itil),algoritmer,Undirected,Bank,Data Science
ci/cd (continuous integration and continuous delivery),data struktur,Undirected,Bank,Data Science
ci/cd (continuous integration and continuous delivery),jenkins (software),Undirected,Bank,Data Science
ci/cd (continuous integration and continuous delivery),programvaredesign,Undirected,Bank,Data Science
ci/cd (continuous integration and continuous delivery),algoritmer,Undirected,Bank,Data Science
data struktur,jenkins (software),Undirected,Bank,Data Science
data struktur,programvaredesign,Undirected,Bank,Data Science
data struktur,algoritmer,Undirected,Bank,Data Science
jenkins (software),programvaredesign,Undirected,Bank,Data Science
jenkins (software),algoritmer,Undirected,Bank,Data Science
programvaredesign,algoritmer,Undirected,Bank,Data Science
sql,computer vision,Undirected,IT,Data Science
sql,multi threaded programming,Undirected,IT,Data Science
sql,deep learning,Undirected,IT,Data Science
sql,c++ (programming language),Undirected,IT,Data Science
sql,cuda (compute unified device architecture),Undirected,IT,Data Science
computer vision,ci/cd (continuous integration and continuous delivery),Undirected,IT,Data Science
computer vision,multi threaded programming,Undirected,IT,Data Science
computer vision,database,Undirected,IT,Data Science
computer vision,c++ (programming language),Undirected,IT,Data Science
ci/cd (continuous integration and continuous delivery),multi threaded programming,Undirected,IT,Data Science
ci/cd (continuous integration and continuous delivery),database,Undirected,IT,Data Science
ci/cd (continuous integration and continuous delivery),deep learning,Undirected,IT,Data Science
ci/cd (continuous integration and continuous delivery),c++ (programming language),Undirected,IT,Data Science
multi threaded programming,database,Undirected,IT,Data Science
multi threaded programming,deep learning,Undirected,IT,Data Science
multi threaded programming,c++ (programming language),Undirected,IT,Data Science
multi threaded programming,cuda (compute unified device architecture),Undirected,IT,Data Science
database,deep learning,Undirected,IT,Data Science
database,c++ (programming language),Undirected,IT,Data Science
database,cuda (compute unified device architecture),Undirected,IT,Data Science
deep learning,c++ (programming language),Undirected,IT,Data Science
c++ (programming language),cuda (compute unified device architecture),Undirected,IT,Data Science
epidemiologi,r,Undirected,Forskning,Data Science
epidemiologi,veterinærmedisin,Undirected,Forskning,Data Science
epidemiologi,økologi,Undirected,Forskning,Data Science
epidemiologi,virologi,Undirected,Forskning,Data Science
epidemiologi,polymerasekjedereaksjon (pkr),Undirected,Forskning,Data Science
r,veterinærmedisin,Undirected,Forskning,Data Science
r,virologi,Undirected,Forskning,Data Science
r,polymerasekjedereaksjon (pkr),Undirected,Forskning,Data Science
veterinærmedisin,økologi,Undirected,Forskning,Data Science
veterinærmedisin,virologi,Undirected,Forskning,Data Science
veterinærmedisin,polymerasekjedereaksjon (pkr),Undirected,Forskning,Data Science
økologi,virologi,Undirected,Forskning,Data Science
økologi,polymerasekjedereaksjon (pkr),Undirected,Forskning,Data Science
virologi,polymerasekjedereaksjon (pkr),Undirected,Forskning,Data Science
kvalitetsprosess,dansk,Undirected,Matvareproduksjon og -industri,Data Science
kvalitetsprosess,ingeniørarbeid,Undirected,Matvareproduksjon og -industri,Data Science
dansk,ingeniørarbeid,Undirected,Matvareproduksjon og -industri,Data Science
erp-systemer,budsjettarbeid,Undirected,Fiskeri og oppdrett,Forretningsanalyse
erp-systemer,rapportering,Undirected,Fiskeri og oppdrett,Forretningsanalyse
erp-systemer,produktanalyse,Undirected,Fiskeri og oppdrett,Forretningsanalyse
erp-systemer,rapporteringsverktøy,Undirected,Fiskeri og oppdrett,Forretningsanalyse
erp-systemer,sql,Undirected,Fiskeri og oppdrett,Forretningsanalyse
erp-systemer,visma business,Undirected,Fiskeri og oppdrett,Forretningsanalyse
erp-systemer,analysere data,Undirected,Fiskeri og oppdrett,Forretningsanalyse
budsjettarbeid,rapportering,Undirected,Fiskeri og oppdrett,Forretningsanalyse
budsjettarbeid,produktanalyse,Undirected,Fiskeri og oppdrett,Forretningsanalyse
budsjettarbeid,rapporteringsverktøy,Undirected,Fiskeri og oppdrett,Forretningsanalyse
budsjettarbeid,sql,Undirected,Fiskeri og oppdrett,Forretningsanalyse
budsjettarbeid,visma business,Undirected,Fiskeri og oppdrett,Forretningsanalyse
budsjettarbeid,analysere data,Undirected,Fiskeri og oppdrett,Forretningsanalyse
rapportering,produktanalyse,Undirected,Fiskeri og oppdrett,Forretningsanalyse
rapportering,rapporteringsverktøy,Undirected,Fiskeri og oppdrett,Forretningsanalyse
rapportering,sql,Undirected,Fiskeri og oppdrett,Forretningsanalyse
rapportering,visma business,Undirected,Fiskeri og oppdrett,Forretningsanalyse
rapportering,analysere data,Undirected,Fiskeri og oppdrett,Forretningsanalyse
produktanalyse,rapporteringsverktøy,Undirected,Fiskeri og oppdrett,Forretningsanalyse
produktanalyse,sql,Undirected,Fiskeri og oppdrett,Forretningsanalyse
produktanalyse,visma business,Undirected,Fiskeri og oppdrett,Forretningsanalyse
produktanalyse,analysere data,Undirected,Fiskeri og oppdrett,Forretningsanalyse
rapporteringsverktøy,sql,Undirected,Fiskeri og oppdrett,Forretningsanalyse
rapporteringsverktøy,visma business,Undirected,Fiskeri og oppdrett,Forretningsanalyse
rapporteringsverktøy,analysere data,Undirected,Fiskeri og oppdrett,Forretningsanalyse
sql,visma business,Undirected,Fiskeri og oppdrett,Forretningsanalyse
sql,analysere data,Undirected,Fiskeri og oppdrett,Forretningsanalyse
visma business,analysere data,Undirected,Fiskeri og oppdrett,Forretningsanalyse
budsjettarbeid,rapportering,Undirected,Ideelle organisasjoner,Forretningsanalyse
budsjettarbeid,administrative ferdigheter,Undirected,Ideelle organisasjoner,Forretningsanalyse
budsjettarbeid,power bi,Undirected,Ideelle organisasjoner,Forretningsanalyse
budsjettarbeid,prosjektøkonomi,Undirected,Ideelle organisasjoner,Forretningsanalyse
budsjettarbeid,fundraising,Undirected,Ideelle organisasjoner,Forretningsanalyse
budsjettarbeid,forretningsutvikling,Undirected,Ideelle organisasjoner,Forretningsanalyse
budsjettarbeid,analysere data,Undirected,Ideelle organisasjoner,Forretningsanalyse
rapportering,administrative ferdigheter,Undirected,Ideelle organisasjoner,Forretningsanalyse
rapportering,power bi,Undirected,Ideelle organisasjoner,Forretningsanalyse
rapportering,prosjektøkonomi,Undirected,Ideelle organisasjoner,Forretningsanalyse
rapportering,fundraising,Undirected,Ideelle organisasjoner,Forretningsanalyse
rapportering,forretningsutvikling,Undirected,Ideelle organisasjoner,Forretningsanalyse
rapportering,analysere data,Undirected,Ideelle organisasjoner,Forretningsanalyse
administrative ferdigheter,power bi,Undirected,Ideelle organisasjoner,Forretningsanalyse
administrative ferdigheter,prosjektøkonomi,Undirected,Ideelle organisasjoner,Forretningsanalyse
administrative ferdigheter,fundraising,Undirected,Ideelle organisasjoner,Forretningsanalyse
administrative ferdigheter,forretningsutvikling,Undirected,Ideelle organisasjoner,Forretningsanalyse
administrative ferdigheter,analysere data,Undirected,Ideelle organisasjoner,Forretningsanalyse
power bi,prosjektøkonomi,Undirected,Ideelle organisasjoner,Forretningsanalyse
power bi,fundraising,Undirected,Ideelle organisasjoner,Forretningsanalyse
power bi,forretningsutvikling,Undirected,Ideelle organisasjoner,Forretningsanalyse
power bi,analysere data,Undirected,Ideelle organisasjoner,Forretningsanalyse
prosjektøkonomi,fundraising,Undirected,Ideelle organisasjoner,Forretningsanalyse
prosjektøkonomi,forretningsutvikling,Undirected,Ideelle organisasjoner,Forretningsanalyse
prosjektøkonomi,analysere data,Undirected,Ideelle organisasjoner,Forretningsanalyse
fundraising,forretningsutvikling,Undirected,Ideelle organisasjoner,Forretningsanalyse
fundraising,analysere data,Undirected,Ideelle organisasjoner,Forretningsanalyse
forretningsutvikling,analysere data,Undirected,Ideelle organisasjoner,Forretningsanalyse
utføre lønnsomhetsanalyse,microsoft excel,Undirected,Konsulent og rådgivning,Forretningsanalyse
utføre lønnsomhetsanalyse,bygge datadashboard,Undirected,Konsulent og rådgivning,Forretningsanalyse
utføre lønnsomhetsanalyse,power bi,Undirected,Konsulent og rådgivning,Forretningsanalyse
utføre lønnsomhetsanalyse,kvalitetssikring av data,Undirected,Konsulent og rådgivning,Forretningsanalyse
utføre lønnsomhetsanalyse,qlikview,Undirected,Konsulent og rådgivning,Forretningsanalyse
utføre lønnsomhetsanalyse,analysere data,Undirected,Konsulent og rådgivning,Forretningsanalyse
utføre lønnsomhetsanalyse,logistikk,Undirected,Konsulent og rådgivning,Forretningsanalyse
microsoft excel,bygge datadashboard,Undirected,Konsulent og rådgivning,Forretningsanalyse
microsoft excel,power bi,Undirected,Konsulent og rådgivning,Forretningsanalyse
microsoft excel,kvalitetssikring av data,Undirected,Konsulent og rådgivning,Forretningsanalyse
microsoft excel,qlikview,Undirected,Konsulent og rådgivning,Forretningsanalyse
microsoft excel,analysere data,Undirected,Konsulent og rådgivning,Forretningsanalyse
microsoft excel,logistikk,Undirected,Konsulent og rådgivning,Forretningsanalyse
bygge datadashboard,power bi,Undirected,Konsulent og rådgivning,Forretningsanalyse
bygge datadashboard,kvalitetssikring av data,Undirected,Konsulent og rådgivning,Forretningsanalyse
bygge datadashboard,qlikview,Undirected,Konsulent og rådgivning,Forretningsanalyse
bygge datadashboard,analysere data,Undirected,Konsulent og rådgivning,Forretningsanalyse
bygge datadashboard,logistikk,Undirected,Konsulent og rådgivning,Forretningsanalyse
power bi,kvalitetssikring av data,Undirected,Konsulent og rådgivning,Forretningsanalyse
power bi,qlikview,Undirected,Konsulent og rådgivning,Forretningsanalyse
power bi,analysere data,Undirected,Konsulent og rådgivning,Forretningsanalyse
power bi,logistikk,Undirected,Konsulent og rådgivning,Forretningsanalyse
kvalitetssikring av data,qlikview,Undirected,Konsulent og rådgivning,Forretningsanalyse
kvalitetssikring av data,analysere data,Undirected,Konsulent og rådgivning,Forretningsanalyse
kvalitetssikring av data,logistikk,Undirected,Konsulent og rådgivning,Forretningsanalyse
qlikview,analysere data,Undirected,Konsulent og rådgivning,Forretningsanalyse
qlikview,logistikk,Undirected,Konsulent og rådgivning,Forretningsanalyse
analysere data,logistikk,Undirected,Konsulent og rådgivning,Forretningsanalyse
gjennomføre helserelatert forskning,dataanalyseverktøy,Undirected,Forskning,machine_learning
gjennomføre helserelatert forskning,statistikk,Undirected,Forskning,machine_learning
gjennomføre helserelatert forskning,forskningsmetoder,Undirected,Forskning,machine_learning
gjennomføre helserelatert forskning,principal component analysis (pca),Undirected,Forskning,machine_learning
gjennomføre helserelatert forskning,clustering algorithms,Undirected,Forskning,machine_learning
gjennomføre helserelatert forskning,analysere data,Undirected,Forskning,machine_learning
gjennomføre helserelatert forskning,maskinlæring,Undirected,Forskning,machine_learning
dataanalyseverktøy,statistikk,Undirected,Forskning,machine_learning
dataanalyseverktøy,forskningsmetoder,Undirected,Forskning,machine_learning
dataanalyseverktøy,principal component analysis (pca),Undirected,Forskning,machine_learning
dataanalyseverktøy,clustering algorithms,Undirected,Forskning,machine_learning
dataanalyseverktøy,analysere data,Undirected,Forskning,machine_learning
dataanalyseverktøy,maskinlæring,Undirected,Forskning,machine_learning
statistikk,forskningsmetoder,Undirected,Forskning,machine_learning
statistikk,principal component analysis (pca),Undirected,Forskning,machine_learning
statistikk,clustering algorithms,Undirected,Forskning,machine_learning
statistikk,analysere data,Undirected,Forskning,machine_learning
statistikk,maskinlæring,Undirected,Forskning,machine_learning
forskningsmetoder,principal component analysis (pca),Undirected,Forskning,machine_learning
forskningsmetoder,clustering algorithms,Undirected,Forskning,machine_learning
forskningsmetoder,analysere data,Undirected,Forskning,machine_learning
forskningsmetoder,maskinlæring,Undirected,Forskning,machine_learning
principal component analysis (pca),clustering algorithms,Undirected,Forskning,machine_learning
principal component analysis (pca),analysere data,Undirected,Forskning,machine_learning
principal component analysis (pca),maskinlæring,Undirected,Forskning,machine_learning
clustering algorithms,analysere data,Undirected,Forskning,machine_learning
clustering algorithms,maskinlæring,Undirected,Forskning,machine_learning
analysere data,maskinlæring,Undirected,Forskning,machine_learning
vitenskapelig forskning,gjennomføre kvalitative undersøkelser,Undirected,Forskning,machine_learning
vitenskapelig forskning,bred klinisk erfaring,Undirected,Forskning,machine_learning
vitenskapelig forskning,analysere data,Undirected,Forskning,machine_learning
vitenskapelig forskning,maskinlæring,Undirected,Forskning,machine_learning
gjennomføre kvalitative undersøkelser,bred klinisk erfaring,Undirected,Forskning,machine_learning
gjennomføre kvalitative undersøkelser,analysere data,Undirected,Forskning,machine_learning
gjennomføre kvalitative undersøkelser,maskinlæring,Undirected,Forskning,machine_learning
bred klinisk erfaring,analysere data,Undirected,Forskning,machine_learning
bred klinisk erfaring,maskinlæring,Undirected,Forskning,machine_learning
